Kode,Nama,Kategori,Stok,Harga,Kadaluarsa,Deskripsi
OBT001,Amloil 250mg,Antikonvulsan,334,81041,2025-12-21,Obat antikonvulsan untuk penggunaan medis
OBT002,Atoran 10mg,Antikonvulsan,390,60440,2026-11-01,Obat antikonvulsan untuk penggunaan medis
OBT003,Simax 250mg,Antibiotik,85,16641,2025-10-08,Obat antibiotik untuk penggunaan medis
OBT004,Amoxin 500mg,Kardiovaskular,65,44739,2025-07-17,Obat kardiovaskular untuk penggunaan medis
OBT005,Cefien 25mg,Analgesik,298,56260,2026-01-20,Obat analgesik untuk penggunaan medis
OBT006,Amoxex 100mg,Antikonvulsan,126,76856,2026-07-16,Obat antikonvulsan untuk penggunaan medis
OBT007,Dicloan 5mg,Antihistamin,254,89672,2025-05-18,Obat antihistamin untuk penggunaan medis
OBT008,Metil 1000mg,Kardiovaskular,259,49025,2025-06-17,Obat kardiovaskular untuk penggunaan medis
OBT009,Atorex 250mg,Antibiotik,469,20306,2026-03-21,Obat antibiotik untuk penggunaan medis
OBT010,Simex 1000mg,Analgesik,468,91112,2026-10-05,Obat analgesik untuk penggunaan medis
OBT011,Dicloan 1000mg,Psikotropika,416,67990,2025-11-23,Obat psikotropika untuk penggunaan medis
OBT012,Amlool 50mg,Antidiabetes,132,19157,2025-06-20,Obat antidiabetes untuk penggunaan medis
OBT013,Captil 500mg,Vitamin,307,88683,2026-02-18,Obat vitamin untuk penggunaan medis
OBT014,Ranitat 250mg,Analgesik,469,38851,2026-10-27,Obat analgesik untuk penggunaan medis
OBT015,Atorat 20mg,Antihistamin,101,39423,2025-04-30,Obat antihistamin untuk penggunaan medis
OBT016,Paraax 500mg,Analgesik,139,33735,2025-03-23,Obat analgesik untuk penggunaan medis
OBT017,Omepol 500mg,Antidepresan,88,29489,2026-07-29,Obat antidepresan untuk penggunaan medis
OBT018,Ibuen 1000mg,Antidepresan,404,9258,2025-07-15,Obat antidepresan untuk penggunaan medis
OBT019,Cefien 250mg,Kortikosteroid,199,69345,2025-06-20,Obat kortikosteroid untuk penggunaan medis
OBT020,Losen 20mg,Kortikosteroid,200,61093,2025-07-30,Obat kortikosteroid untuk penggunaan medis
OBT021,Captil 250mg,Psikotropika,212,26445,2026-05-22,Obat psikotropika untuk penggunaan medis
OBT022,Ranitan 1000mg,Antikonvulsan,407,12616,2026-05-09,Obat antikonvulsan untuk penggunaan medis
OBT023,Ibuex 5mg,Analgesik,71,98048,2026-07-31,Obat analgesik untuk penggunaan medis
OBT024,Metum 50mg,Vitamin,363,17841,2026-06-29,Obat vitamin untuk penggunaan medis
OBT025,Simox 25mg,Antikonvulsan,463,93440,2026-04-01,Obat antikonvulsan untuk penggunaan medis
OBT026,Amlool 20mg,Antasida,373,51447,2025-03-10,Obat antasida untuk penggunaan medis
OBT027,Ranitox 10mg,Kortikosteroid,99,30815,2025-05-04,Obat kortikosteroid untuk penggunaan medis
OBT028,Losan 25mg,Antikonvulsan,500,78918,2026-05-27,Obat antikonvulsan untuk penggunaan medis
OBT029,Amloum 5mg,Kardiovaskular,407,83608,2026-04-22,Obat kardiovaskular untuk penggunaan medis
OBT030,Captum 250mg,Antidiabetes,147,20531,2025-02-02,Obat antidiabetes untuk penggunaan medis
OBT031,Dicloox 500mg,Antidepresan,402,18638,2026-05-09,Obat antidepresan untuk penggunaan medis
OBT032,Dicloan 250mg,Vitamin,185,29909,2025-07-04,Obat vitamin untuk penggunaan medis
OBT033,Metat 20mg,Antihistamin,328,46552,2026-04-10,Obat antihistamin untuk penggunaan medis
OBT034,Atoren 250mg,Kortikosteroid,258,23642,2025-02-08,Obat kortikosteroid untuk penggunaan medis
OBT035,Captan 20mg,Kortikosteroid,114,25253,2026-04-29,Obat kortikosteroid untuk penggunaan medis
OBT036,Atorol 50mg,Antibiotik,163,98982,2025-05-01,Obat antibiotik untuk penggunaan medis
OBT037,Simox 50mg,Antibiotik,99,47701,2025-03-15,Obat antibiotik untuk penggunaan medis
OBT038,Paraox 10mg,Antikonvulsan,57,65355,2026-12-08,Obat antikonvulsan untuk penggunaan medis
OBT039,Losin 500mg,Antidepresan,340,48427,2025-06-10,Obat antidepresan untuk penggunaan medis
OBT040,Captin 5mg,Antidepresan,292,78744,2025-05-05,Obat antidepresan untuk penggunaan medis
OBT041,Ibuox 5mg,Antihistamin,462,93480,2025-01-07,Obat antihistamin untuk penggunaan medis
OBT042,Dexaat 1000mg,Antikonvulsan,295,80498,2025-06-01,Obat antikonvulsan untuk penggunaan medis
OBT043,Amloax 250mg,Antidepresan,347,42644,2025-08-05,Obat antidepresan untuk penggunaan medis
OBT044,Amlool 5mg,Antidepresan,51,52076,2025-03-02,Obat antidepresan untuk penggunaan medis
OBT045,Omepum 20mg,Antasida,311,65948,2026-01-21,Obat antasida untuk penggunaan medis
OBT046,Amoxax 25mg,Kortikosteroid,310,8364,2025-09-19,Obat kortikosteroid untuk penggunaan medis
OBT047,Captin 500mg,Antasida,172,78186,2026-01-24,Obat antasida untuk penggunaan medis
OBT048,Dicloan 50mg,Antasida,341,33512,2026-11-24,Obat antasida untuk penggunaan medis
OBT049,Losex 5mg,Mineral,53,47896,2025-10-29,Obat mineral untuk penggunaan medis
OBT050,Amloat 20mg,Psikotropika,177,79159,2025-10-29,Obat psikotropika untuk penggunaan medis
OBT051,Omepin 50mg,Analgesik,269,6472,2026-08-04,Obat analgesik untuk penggunaan medis
OBT052,Cefiax 10mg,Antihistamin,403,78569,2025-11-06,Obat antihistamin untuk penggunaan medis
OBT053,Paraol 100mg,Antasida,442,70618,2026-12-31,Obat antasida untuk penggunaan medis
OBT054,Amloin 100mg,Antihistamin,331,54982,2026-11-27,Obat antihistamin untuk penggunaan medis
OBT055,Captil 20mg,Kardiovaskular,81,9245,2025-12-20,Obat kardiovaskular untuk penggunaan medis
OBT056,Dexaan 250mg,Antibiotik,449,73614,2025-07-22,Obat antibiotik untuk penggunaan medis
OBT057,Metox 100mg,Antasida,412,22210,2026-12-02,Obat antasida untuk penggunaan medis
OBT058,Losin 100mg,Antikonvulsan,335,76425,2025-11-25,Obat antikonvulsan untuk penggunaan medis
OBT059,Amoxil 50mg,Psikotropika,231,97524,2026-08-23,Obat psikotropika untuk penggunaan medis
OBT060,Amloex 50mg,Psikotropika,222,37538,2025-08-24,Obat psikotropika untuk penggunaan medis
OBT061,Captex 25mg,Antihistamin,311,41506,2025-07-17,Obat antihistamin untuk penggunaan medis
OBT062,Losat 20mg,Antidepresan,352,39386,2025-03-17,Obat antidepresan untuk penggunaan medis
OBT063,Amloen 250mg,Kardiovaskular,213,86546,2026-03-02,Obat kardiovaskular untuk penggunaan medis
OBT064,Captin 500mg,Antikonvulsan,346,49023,2026-09-01,Obat antikonvulsan untuk penggunaan medis
OBT065,Captax 10mg,Mineral,427,57069,2026-02-17,Obat mineral untuk penggunaan medis
OBT066,Ibuum 5mg,Antidiabetes,423,83899,2026-02-14,Obat antidiabetes untuk penggunaan medis
OBT067,Simin 10mg,Antasida,450,70439,2026-06-29,Obat antasida untuk penggunaan medis
OBT068,Simin 10mg,Antihistamin,395,33850,2026-05-19,Obat antihistamin untuk penggunaan medis
OBT069,Atoren 10mg,Analgesik,132,21680,2025-06-26,Obat analgesik untuk penggunaan medis
OBT070,Amoxan 1000mg,Kortikosteroid,293,86783,2025-06-16,Obat kortikosteroid untuk penggunaan medis
OBT071,Amloax 20mg,Psikotropika,368,96481,2026-04-28,Obat psikotropika untuk penggunaan medis
OBT072,Ranitex 20mg,Vitamin,225,86371,2026-10-12,Obat vitamin untuk penggunaan medis
OBT073,Dicloan 25mg,Vitamin,168,36017,2026-04-29,Obat vitamin untuk penggunaan medis
OBT074,Captex 250mg,Antasida,424,86191,2025-01-28,Obat antasida untuk penggunaan medis
OBT075,Atorax 25mg,Antasida,97,23831,2025-12-06,Obat antasida untuk penggunaan medis
OBT076,Dicloum 100mg,Analgesik,91,69847,2025-01-24,Obat analgesik untuk penggunaan medis
OBT077,Omepum 5mg,Antikonvulsan,312,91538,2026-03-05,Obat antikonvulsan untuk penggunaan medis
OBT078,Omepat 100mg,Antibiotik,423,51219,2025-11-09,Obat antibiotik untuk penggunaan medis
OBT079,Amoxum 250mg,Analgesik,453,58914,2025-05-20,Obat analgesik untuk penggunaan medis
OBT080,Metex 1000mg,Mineral,353,32044,2025-04-12,Obat mineral untuk penggunaan medis
OBT081,Paraol 5mg,Kardiovaskular,473,71456,2026-04-16,Obat kardiovaskular untuk penggunaan medis
OBT082,Cefian 100mg,Antidiabetes,129,46236,2025-09-26,Obat antidiabetes untuk penggunaan medis
OBT083,Dexaex 500mg,Kardiovaskular,351,19571,2026-06-23,Obat kardiovaskular untuk penggunaan medis
OBT084,Omepin 20mg,Antibiotik,313,77291,2026-06-26,Obat antibiotik untuk penggunaan medis
OBT085,Amloat 25mg,Vitamin,427,71000,2025-12-16,Obat vitamin untuk penggunaan medis
OBT086,Losum 500mg,Antikonvulsan,170,76060,2025-06-06,Obat antikonvulsan untuk penggunaan medis
OBT087,Cefiax 10mg,Antidiabetes,411,76799,2026-11-25,Obat antidiabetes untuk penggunaan medis
OBT088,Losat 1000mg,Antasida,53,75822,2025-09-08,Obat antasida untuk penggunaan medis
OBT089,Omepin 250mg,Antidepresan,434,14991,2025-04-27,Obat antidepresan untuk penggunaan medis
OBT090,Captan 20mg,Mineral,342,77724,2026-04-12,Obat mineral untuk penggunaan medis
OBT091,Amloox 1000mg,Antikonvulsan,151,71109,2025-02-12,Obat antikonvulsan untuk penggunaan medis
OBT092,Amloax 5mg,Kortikosteroid,386,37846,2026-12-17,Obat kortikosteroid untuk penggunaan medis
OBT093,Amoxin 1000mg,Kortikosteroid,269,51374,2026-10-08,Obat kortikosteroid untuk penggunaan medis
OBT094,Dicloox 1000mg,Mineral,215,48735,2026-08-19,Obat mineral untuk penggunaan medis
OBT095,Losox 50mg,Antidepresan,495,92379,2026-12-01,Obat antidepresan untuk penggunaan medis
OBT096,Simil 20mg,Antasida,277,35105,2026-12-05,Obat antasida untuk penggunaan medis
OBT097,Metin 250mg,Antidiabetes,460,62747,2026-03-03,Obat antidiabetes untuk penggunaan medis
OBT098,Captil 100mg,Mineral,168,84683,2025-01-17,Obat mineral untuk penggunaan medis
OBT099,Amloum 100mg,Antidepresan,125,40616,2025-05-17,Obat antidepresan untuk penggunaan medis
OBT100,Metan 10mg,Kardiovaskular,361,44903,2026-03-01,Obat kardiovaskular untuk penggunaan medis
OBT101,Ranitol 5mg,Analgesik,120,28370,2025-03-22,Obat analgesik untuk penggunaan medis
OBT102,Atorat 5mg,Antidiabetes,286,74724,2025-03-27,Obat antidiabetes untuk penggunaan medis
OBT103,Dicloum 250mg,Antihistamin,232,22287,2026-09-24,Obat antihistamin untuk penggunaan medis
OBT104,Atorat 500mg,Kortikosteroid,403,67679,2025-07-07,Obat kortikosteroid untuk penggunaan medis
OBT105,Amloat 100mg,Kardiovaskular,65,54850,2025-03-23,Obat kardiovaskular untuk penggunaan medis
OBT106,Metex 50mg,Kardiovaskular,204,18350,2025-01-30,Obat kardiovaskular untuk penggunaan medis
OBT107,Ibuox 5mg,Antihistamin,191,93741,2026-09-22,Obat antihistamin untuk penggunaan medis
OBT108,Simat 10mg,Antikonvulsan,405,54348,2026-06-10,Obat antikonvulsan untuk penggunaan medis
OBT109,Cefiax 50mg,Antidepresan,423,49099,2026-06-11,Obat antidepresan untuk penggunaan medis
OBT110,Captan 50mg,Antihistamin,191,98595,2026-07-19,Obat antihistamin untuk penggunaan medis
OBT111,Ranitum 20mg,Vitamin,52,24872,2025-07-07,Obat vitamin untuk penggunaan medis
OBT112,Cefiil 25mg,Antihistamin,413,37628,2025-08-10,Obat antihistamin untuk penggunaan medis
OBT113,Parail 50mg,Antidepresan,244,94894,2026-09-26,Obat antidepresan untuk penggunaan medis
OBT114,Losat 10mg,Antidiabetes,459,48919,2026-12-09,Obat antidiabetes untuk penggunaan medis
OBT115,Simox 100mg,Antidepresan,210,60573,2025-03-24,Obat antidepresan untuk penggunaan medis
OBT116,Ranitat 250mg,Kardiovaskular,343,42678,2026-07-18,Obat kardiovaskular untuk penggunaan medis
OBT117,Parail 10mg,Kardiovaskular,77,50228,2026-09-22,Obat kardiovaskular untuk penggunaan medis
OBT118,Ranitat 50mg,Antasida,249,32735,2025-04-28,Obat antasida untuk penggunaan medis
OBT119,Omepin 50mg,Vitamin,425,36480,2025-08-16,Obat vitamin untuk penggunaan medis
OBT120,Atorol 25mg,Antihistamin,186,56540,2026-11-29,Obat antihistamin untuk penggunaan medis
OBT121,Meten 10mg,Antidiabetes,408,73802,2026-12-19,Obat antidiabetes untuk penggunaan medis
OBT122,Ibuum 5mg,Antihistamin,51,36972,2026-02-20,Obat antihistamin untuk penggunaan medis
OBT123,Losat 500mg,Antihistamin,85,83955,2026-05-23,Obat antihistamin untuk penggunaan medis
OBT124,Ibuan 5mg,Antidepresan,463,70388,2025-02-12,Obat antidepresan untuk penggunaan medis
OBT125,Ibuat 5mg,Antihistamin,181,97296,2026-05-12,Obat antihistamin untuk penggunaan medis
OBT126,Ibuin 25mg,Antikonvulsan,335,96107,2025-01-04,Obat antikonvulsan untuk penggunaan medis
OBT127,Omepan 20mg,Antibiotik,437,19348,2025-08-21,Obat antibiotik untuk penggunaan medis
OBT128,Amloum 5mg,Antidepresan,81,36481,2026-10-14,Obat antidepresan untuk penggunaan medis
OBT129,Captum 1000mg,Antikonvulsan,378,80068,2025-03-26,Obat antikonvulsan untuk penggunaan medis
OBT130,Omepax 1000mg,Antidiabetes,125,43483,2026-05-05,Obat antidiabetes untuk penggunaan medis
OBT131,Amloat 250mg,Antasida,194,69613,2025-10-28,Obat antasida untuk penggunaan medis
OBT132,Captox 100mg,Vitamin,352,84498,2026-11-26,Obat vitamin untuk penggunaan medis
OBT133,Amloin 1000mg,Antikonvulsan,77,7922,2026-02-09,Obat antikonvulsan untuk penggunaan medis
OBT134,Dexain 25mg,Antidiabetes,233,93267,2025-02-04,Obat antidiabetes untuk penggunaan medis
OBT135,Ranitex 100mg,Antasida,208,23111,2025-10-06,Obat antasida untuk penggunaan medis
OBT136,Amoxol 50mg,Antidiabetes,102,30971,2026-06-15,Obat antidiabetes untuk penggunaan medis
OBT137,Dexaum 500mg,Antasida,113,95502,2026-11-10,Obat antasida untuk penggunaan medis
OBT138,Atoril 250mg,Analgesik,213,20036,2026-05-08,Obat analgesik untuk penggunaan medis
OBT139,Captin 500mg,Antibiotik,127,40160,2026-03-01,Obat antibiotik untuk penggunaan medis
OBT140,Dexaex 25mg,Antibiotik,292,70977,2025-02-20,Obat antibiotik untuk penggunaan medis
OBT141,Ranitat 500mg,Antibiotik,311,66175,2025-10-08,Obat antibiotik untuk penggunaan medis
OBT142,Dexaax 25mg,Psikotropika,133,19983,2025-12-30,Obat psikotropika untuk penggunaan medis
OBT143,Cefiol 10mg,Antihistamin,389,31642,2026-04-29,Obat antihistamin untuk penggunaan medis
OBT144,Metum 500mg,Antibiotik,203,31238,2026-11-09,Obat antibiotik untuk penggunaan medis
OBT145,Atorol 10mg,Vitamin,479,97408,2025-06-11,Obat vitamin untuk penggunaan medis
OBT146,Dexaax 100mg,Antidepresan,278,71518,2026-07-26,Obat antidepresan untuk penggunaan medis
OBT147,Cefiox 250mg,Mineral,94,59363,2026-06-03,Obat mineral untuk penggunaan medis
OBT148,Amoxan 500mg,Psikotropika,394,35526,2025-01-05,Obat psikotropika untuk penggunaan medis
OBT149,Ranitol 50mg,Kortikosteroid,194,91942,2025-07-25,Obat kortikosteroid untuk penggunaan medis
OBT150,Amoxat 10mg,Kardiovaskular,124,30623,2025-04-29,Obat kardiovaskular untuk penggunaan medis
OBT151,Dicloum 1000mg,Kardiovaskular,78,86471,2026-04-22,Obat kardiovaskular untuk penggunaan medis
OBT152,Atorum 20mg,Antasida,361,26153,2026-01-10,Obat antasida untuk penggunaan medis
OBT153,Omepen 1000mg,Antidiabetes,313,15741,2026-11-04,Obat antidiabetes untuk penggunaan medis
OBT154,Cefiox 25mg,Antihistamin,462,57970,2025-06-13,Obat antihistamin untuk penggunaan medis
OBT155,Ranitum 50mg,Vitamin,148,17030,2025-03-14,Obat vitamin untuk penggunaan medis
OBT156,Amoxin 500mg,Antibiotik,498,5172,2025-02-05,Obat antibiotik untuk penggunaan medis
OBT157,Captan 250mg,Antidepresan,418,57309,2026-03-04,Obat antidepresan untuk penggunaan medis
OBT158,Ibuol 1000mg,Antihistamin,142,44133,2026-05-30,Obat antihistamin untuk penggunaan medis
OBT159,Dicloil 5mg,Antidiabetes,210,71459,2025-12-31,Obat antidiabetes untuk penggunaan medis
OBT160,Cefien 1000mg,Antihistamin,98,82256,2026-01-09,Obat antihistamin untuk penggunaan medis
OBT161,Paraol 25mg,Kortikosteroid,477,71383,2025-10-03,Obat kortikosteroid untuk penggunaan medis
OBT162,Diclool 25mg,Kardiovaskular,273,24244,2025-02-01,Obat kardiovaskular untuk penggunaan medis
OBT163,Dicloin 100mg,Antikonvulsan,123,12314,2025-06-21,Obat antikonvulsan untuk penggunaan medis
OBT164,Metil 25mg,Mineral,499,28764,2025-08-18,Obat mineral untuk penggunaan medis
OBT165,Dexaat 500mg,Psikotropika,147,86292,2026-01-09,Obat psikotropika untuk penggunaan medis
OBT166,Metex 500mg,Antidiabetes,357,27170,2026-09-18,Obat antidiabetes untuk penggunaan medis
OBT167,Simol 50mg,Mineral,68,31125,2026-07-26,Obat mineral untuk penggunaan medis
OBT168,Dicloex 5mg,Kardiovaskular,318,63000,2026-10-14,Obat kardiovaskular untuk penggunaan medis
OBT169,Ranitol 5mg,Antihistamin,268,71061,2026-03-24,Obat antihistamin untuk penggunaan medis
OBT170,Cefiat 25mg,Kortikosteroid,76,40720,2025-02-03,Obat kortikosteroid untuk penggunaan medis
OBT171,Meten 500mg,Mineral,387,91283,2025-01-29,Obat mineral untuk penggunaan medis
OBT172,Ibuin 10mg,Analgesik,224,94892,2026-12-28,Obat analgesik untuk penggunaan medis
OBT173,Ranitan 10mg,Antidiabetes,485,54388,2026-02-17,Obat antidiabetes untuk penggunaan medis
OBT174,Cefiex 500mg,Antidepresan,78,19607,2025-06-17,Obat antidepresan untuk penggunaan medis
OBT175,Amoxox 250mg,Analgesik,311,43827,2025-08-04,Obat analgesik untuk penggunaan medis
OBT176,Omepol 10mg,Analgesik,137,47181,2025-05-21,Obat analgesik untuk penggunaan medis
OBT177,Dicloox 20mg,Antibiotik,93,54233,2026-12-13,Obat antibiotik untuk penggunaan medis
OBT178,Dexaox 250mg,Psikotropika,467,31709,2026-07-15,Obat psikotropika untuk penggunaan medis
OBT179,Amoxil 250mg,Vitamin,390,73347,2025-02-15,Obat vitamin untuk penggunaan medis
OBT180,Amoxum 10mg,Kardiovaskular,221,24827,2026-01-09,Obat kardiovaskular untuk penggunaan medis
OBT181,Amloen 100mg,Antasida,56,21332,2026-11-08,Obat antasida untuk penggunaan medis
OBT182,Cefien 25mg,Kardiovaskular,344,41308,2026-08-08,Obat kardiovaskular untuk penggunaan medis
OBT183,Losil 5mg,Kardiovaskular,189,37487,2026-09-21,Obat kardiovaskular untuk penggunaan medis
OBT184,Cefiin 500mg,Antikonvulsan,79,91440,2025-05-18,Obat antikonvulsan untuk penggunaan medis
OBT185,Paraax 20mg,Analgesik,131,49259,2025-12-03,Obat analgesik untuk penggunaan medis
OBT186,Paraex 100mg,Psikotropika,466,40055,2026-08-13,Obat psikotropika untuk penggunaan medis
OBT187,Dicloat 1000mg,Vitamin,458,79590,2025-06-11,Obat vitamin untuk penggunaan medis
OBT188,Ranitax 25mg,Vitamin,107,54623,2025-04-07,Obat vitamin untuk penggunaan medis
OBT189,Ibuen 250mg,Antidiabetes,189,79499,2026-06-26,Obat antidiabetes untuk penggunaan medis
OBT190,Metum 50mg,Mineral,184,53303,2026-06-04,Obat mineral untuk penggunaan medis
OBT191,Atorat 500mg,Antibiotik,152,75799,2026-10-28,Obat antibiotik untuk penggunaan medis
OBT192,Capten 250mg,Antikonvulsan,246,60547,2026-11-16,Obat antikonvulsan untuk penggunaan medis
OBT193,Siman 25mg,Antihistamin,115,79371,2025-06-27,Obat antihistamin untuk penggunaan medis
OBT194,Amoxox 1000mg,Antihistamin,230,8207,2026-01-05,Obat antihistamin untuk penggunaan medis
OBT195,Ibuen 10mg,Mineral,289,34184,2025-03-28,Obat mineral untuk penggunaan medis
OBT196,Ibuox 1000mg,Mineral,304,79955,2025-08-14,Obat mineral untuk penggunaan medis
OBT197,Metox 25mg,Psikotropika,486,40481,2026-11-19,Obat psikotropika untuk penggunaan medis
OBT198,Dexaax 5mg,Psikotropika,87,84801,2026-04-27,Obat psikotropika untuk penggunaan medis
OBT199,Metat 20mg,Antasida,164,83591,2026-03-25,Obat antasida untuk penggunaan medis
OBT200,Dicloil 5mg,Antidiabetes,309,61473,2025-07-30,Obat antidiabetes untuk penggunaan medis
OBT201,Omepen 250mg,Kortikosteroid,92,95950,2026-06-02,Obat kortikosteroid untuk penggunaan medis
OBT202,Diclool 5mg,Analgesik,457,72883,2026-05-07,Obat analgesik untuk penggunaan medis
OBT203,Amlool 10mg,Antidepresan,132,90923,2026-11-15,Obat antidepresan untuk penggunaan medis
OBT204,Dexaum 25mg,Antasida,300,73661,2026-11-29,Obat antasida untuk penggunaan medis
OBT205,Ibuol 250mg,Antidepresan,210,38962,2026-07-09,Obat antidepresan untuk penggunaan medis
OBT206,Omepol 500mg,Kardiovaskular,141,15013,2025-04-25,Obat kardiovaskular untuk penggunaan medis
OBT207,Capten 5mg,Analgesik,110,32599,2026-12-15,Obat analgesik untuk penggunaan medis
OBT208,Paraan 20mg,Analgesik,302,35062,2025-09-22,Obat analgesik untuk penggunaan medis
OBT209,Dicloex 500mg,Antibiotik,264,43866,2026-02-28,Obat antibiotik untuk penggunaan medis
OBT210,Amoxox 10mg,Antidiabetes,53,51571,2025-11-15,Obat antidiabetes untuk penggunaan medis
OBT211,Simil 100mg,Kortikosteroid,111,77009,2025-10-22,Obat kortikosteroid untuk penggunaan medis
OBT212,Omepol 500mg,Psikotropika,121,80228,2026-12-03,Obat psikotropika untuk penggunaan medis
OBT213,Metol 1000mg,Vitamin,110,13647,2025-11-05,Obat vitamin untuk penggunaan medis
OBT214,Losum 250mg,Antidepresan,329,69998,2026-10-27,Obat antidepresan untuk penggunaan medis
OBT215,Ranitat 1000mg,Antidiabetes,101,38182,2025-08-22,Obat antidiabetes untuk penggunaan medis
OBT216,Metil 5mg,Antasida,429,29611,2026-04-30,Obat antasida untuk penggunaan medis
OBT217,Ranitum 250mg,Vitamin,458,30112,2026-08-07,Obat vitamin untuk penggunaan medis
OBT218,Amloum 25mg,Antikonvulsan,223,45370,2026-02-14,Obat antikonvulsan untuk penggunaan medis
OBT219,Simax 1000mg,Psikotropika,316,25506,2026-06-29,Obat psikotropika untuk penggunaan medis
OBT220,Losox 1000mg,Kortikosteroid,117,68542,2025-12-29,Obat kortikosteroid untuk penggunaan medis
OBT221,Amoxan 250mg,Antidepresan,59,37602,2025-11-23,Obat antidepresan untuk penggunaan medis
OBT222,Ranitil 500mg,Analgesik,224,46255,2025-01-11,Obat analgesik untuk penggunaan medis
OBT223,Paraum 10mg,Antidepresan,482,56507,2026-12-07,Obat antidepresan untuk penggunaan medis
OBT224,Losol 250mg,Kardiovaskular,372,28861,2026-10-08,Obat kardiovaskular untuk penggunaan medis
OBT225,Simex 5mg,Psikotropika,215,16282,2025-03-05,Obat psikotropika untuk penggunaan medis
OBT226,Amlool 100mg,Antikonvulsan,475,55587,2026-12-20,Obat antikonvulsan untuk penggunaan medis
OBT227,Captax 1000mg,Antasida,122,5041,2026-08-31,Obat antasida untuk penggunaan medis
OBT228,Cefiax 20mg,Mineral,235,36822,2025-02-15,Obat mineral untuk penggunaan medis
OBT229,Amoxex 10mg,Kardiovaskular,378,13284,2026-04-16,Obat kardiovaskular untuk penggunaan medis
OBT230,Cefium 1000mg,Antidepresan,181,81342,2026-03-29,Obat antidepresan untuk penggunaan medis
OBT231,Cefium 5mg,Antibiotik,377,59666,2025-01-08,Obat antibiotik untuk penggunaan medis
OBT232,Simax 5mg,Antidiabetes,348,29098,2026-06-11,Obat antidiabetes untuk penggunaan medis
OBT233,Amoxex 10mg,Antidiabetes,129,72117,2025-02-14,Obat antidiabetes untuk penggunaan medis
OBT234,Amloin 250mg,Psikotropika,424,15458,2026-06-25,Obat psikotropika untuk penggunaan medis
OBT235,Cefiol 25mg,Kortikosteroid,168,16261,2025-07-30,Obat kortikosteroid untuk penggunaan medis
OBT236,Dicloan 250mg,Antikonvulsan,191,32384,2025-01-18,Obat antikonvulsan untuk penggunaan medis
OBT237,Losax 50mg,Antidepresan,376,68383,2025-07-04,Obat antidepresan untuk penggunaan medis
OBT238,Amoxox 500mg,Antibiotik,57,75853,2026-06-18,Obat antibiotik untuk penggunaan medis
OBT239,Captan 1000mg,Mineral,129,40850,2025-04-20,Obat mineral untuk penggunaan medis
OBT240,Dexaum 5mg,Antibiotik,198,55997,2025-08-12,Obat antibiotik untuk penggunaan medis
OBT241,Ibuin 10mg,Psikotropika,312,78255,2025-12-18,Obat psikotropika untuk penggunaan medis
OBT242,Amloil 250mg,Psikotropika,399,86232,2025-05-13,Obat psikotropika untuk penggunaan medis
OBT243,Ibuax 5mg,Kortikosteroid,496,57782,2026-09-09,Obat kortikosteroid untuk penggunaan medis
OBT244,Metin 250mg,Antasida,444,37247,2025-01-23,Obat antasida untuk penggunaan medis
OBT245,Dicloat 5mg,Antidepresan,348,92354,2026-08-22,Obat antidepresan untuk penggunaan medis
OBT246,Amloax 500mg,Antikonvulsan,189,67879,2025-06-11,Obat antikonvulsan untuk penggunaan medis
OBT247,Cefiox 1000mg,Antidepresan,149,89071,2026-01-05,Obat antidepresan untuk penggunaan medis
OBT248,Amoxum 500mg,Kardiovaskular,373,92440,2026-03-24,Obat kardiovaskular untuk penggunaan medis
OBT249,Cefiin 500mg,Vitamin,463,98248,2025-05-05,Obat vitamin untuk penggunaan medis
OBT250,Losox 20mg,Analgesik,306,72065,2025-12-11,Obat analgesik untuk penggunaan medis
OBT251,Metox 5mg,Mineral,381,5837,2026-11-22,Obat mineral untuk penggunaan medis
OBT252,Losox 100mg,Psikotropika,409,26107,2026-10-18,Obat psikotropika untuk penggunaan medis
OBT253,Ranitan 250mg,Psikotropika,69,39098,2025-01-06,Obat psikotropika untuk penggunaan medis
OBT254,Paraum 500mg,Analgesik,307,68024,2025-12-03,Obat analgesik untuk penggunaan medis
OBT255,Captum 100mg,Analgesik,154,96159,2026-07-04,Obat analgesik untuk penggunaan medis
OBT256,Atorum 10mg,Vitamin,407,15486,2026-01-28,Obat vitamin untuk penggunaan medis
OBT257,Amloox 20mg,Antibiotik,127,12193,2026-02-18,Obat antibiotik untuk penggunaan medis
OBT258,Metol 50mg,Kortikosteroid,263,61952,2025-11-25,Obat kortikosteroid untuk penggunaan medis
OBT259,Metox 20mg,Antihistamin,375,26698,2026-03-18,Obat antihistamin untuk penggunaan medis
OBT260,Paraax 10mg,Mineral,160,59210,2025-02-26,Obat mineral untuk penggunaan medis
OBT261,Amoxat 25mg,Antasida,70,19869,2026-01-13,Obat antasida untuk penggunaan medis
OBT262,Amoxol 100mg,Kortikosteroid,432,94177,2026-02-07,Obat kortikosteroid untuk penggunaan medis
OBT263,Paraex 1000mg,Analgesik,391,52150,2026-04-04,Obat analgesik untuk penggunaan medis
OBT264,Dexain 1000mg,Antidiabetes,60,54260,2025-07-05,Obat antidiabetes untuk penggunaan medis
OBT265,Losum 25mg,Antidiabetes,303,22012,2026-10-27,Obat antidiabetes untuk penggunaan medis
OBT266,Losin 20mg,Antibiotik,234,18985,2026-08-04,Obat antibiotik untuk penggunaan medis
OBT267,Captan 10mg,Psikotropika,91,99522,2025-07-09,Obat psikotropika untuk penggunaan medis
OBT268,Cefiax 1000mg,Antihistamin,229,99907,2026-06-30,Obat antihistamin untuk penggunaan medis
OBT269,Paraen 25mg,Antibiotik,445,48085,2025-08-26,Obat antibiotik untuk penggunaan medis
OBT270,Siman 10mg,Mineral,183,89905,2026-04-07,Obat mineral untuk penggunaan medis
OBT271,Cefiil 20mg,Kortikosteroid,479,46835,2026-04-06,Obat kortikosteroid untuk penggunaan medis
OBT272,Raniten 100mg,Antidiabetes,151,86148,2025-02-02,Obat antidiabetes untuk penggunaan medis
OBT273,Dicloin 100mg,Kardiovaskular,151,73745,2025-01-26,Obat kardiovaskular untuk penggunaan medis
OBT274,Losin 250mg,Kortikosteroid,450,67910,2025-01-19,Obat kortikosteroid untuk penggunaan medis
OBT275,Simum 20mg,Antihistamin,243,93379,2026-04-25,Obat antihistamin untuk penggunaan medis
OBT276,Omepum 500mg,Kortikosteroid,409,22067,2026-12-28,Obat kortikosteroid untuk penggunaan medis
OBT277,Cefiex 10mg,Antidepresan,228,92482,2026-12-20,Obat antidepresan untuk penggunaan medis
OBT278,Dicloox 25mg,Kortikosteroid,102,66422,2026-05-07,Obat kortikosteroid untuk penggunaan medis
OBT279,Captum 5mg,Antidepresan,286,69886,2025-05-01,Obat antidepresan untuk penggunaan medis
OBT280,Omepan 25mg,Antibiotik,135,26135,2025-11-08,Obat antibiotik untuk penggunaan medis
OBT281,Ranitan 10mg,Psikotropika,205,84196,2025-02-25,Obat psikotropika untuk penggunaan medis
OBT282,Ranitol 20mg,Mineral,133,81242,2025-01-21,Obat mineral untuk penggunaan medis
OBT283,Atorax 50mg,Antasida,366,20214,2025-01-06,Obat antasida untuk penggunaan medis
OBT284,Ibuax 100mg,Antihistamin,243,90604,2025-06-14,Obat antihistamin untuk penggunaan medis
OBT285,Cefiin 5mg,Antasida,131,36586,2026-10-24,Obat antasida untuk penggunaan medis
OBT286,Ibuat 100mg,Kortikosteroid,499,96673,2026-04-18,Obat kortikosteroid untuk penggunaan medis
OBT287,Captan 20mg,Psikotropika,145,93128,2026-06-28,Obat psikotropika untuk penggunaan medis
OBT288,Parain 10mg,Vitamin,196,65470,2025-10-08,Obat vitamin untuk penggunaan medis
OBT289,Ranitin 250mg,Vitamin,227,43510,2026-07-14,Obat vitamin untuk penggunaan medis
OBT290,Paraan 1000mg,Vitamin,202,10251,2025-03-11,Obat vitamin untuk penggunaan medis
OBT291,Dexaat 5mg,Kardiovaskular,51,63059,2026-05-20,Obat kardiovaskular untuk penggunaan medis
OBT292,Captax 5mg,Antibiotik,339,18029,2026-05-29,Obat antibiotik untuk penggunaan medis
OBT293,Parail 25mg,Antidiabetes,440,92582,2026-10-03,Obat antidiabetes untuk penggunaan medis
OBT294,Captox 250mg,Antikonvulsan,123,19511,2026-06-01,Obat antikonvulsan untuk penggunaan medis
OBT295,Omepan 1000mg,Kortikosteroid,340,99487,2025-10-24,Obat kortikosteroid untuk penggunaan medis
OBT296,Omepil 50mg,Antibiotik,79,68285,2025-04-07,Obat antibiotik untuk penggunaan medis
OBT297,Dicloex 10mg,Kortikosteroid,307,87178,2026-07-30,Obat kortikosteroid untuk penggunaan medis
OBT298,Dexaen 20mg,Antasida,437,66587,2025-12-29,Obat antasida untuk penggunaan medis
OBT299,Losen 50mg,Antihistamin,274,88397,2026-07-02,Obat antihistamin untuk penggunaan medis
OBT300,Ranitin 20mg,Kardiovaskular,243,75574,2026-07-09,Obat kardiovaskular untuk penggunaan medis
OBT301,Paraan 500mg,Antasida,440,37872,2025-10-02,Obat antasida untuk penggunaan medis
OBT302,Simum 250mg,Psikotropika,306,66372,2026-05-06,Obat psikotropika untuk penggunaan medis
OBT303,Metan 50mg,Antihistamin,193,49706,2026-12-30,Obat antihistamin untuk penggunaan medis
OBT304,Ibuen 25mg,Psikotropika,342,99385,2026-04-03,Obat psikotropika untuk penggunaan medis
OBT305,Captil 50mg,Psikotropika,403,50088,2026-03-24,Obat psikotropika untuk penggunaan medis
OBT306,Amloen 1000mg,Antikonvulsan,151,69743,2025-04-01,Obat antikonvulsan untuk penggunaan medis
OBT307,Metax 250mg,Analgesik,436,77106,2025-01-26,Obat analgesik untuk penggunaan medis
OBT308,Omepil 25mg,Antidiabetes,226,83439,2026-03-17,Obat antidiabetes untuk penggunaan medis
OBT309,Amoxol 5mg,Psikotropika,61,41965,2026-12-09,Obat psikotropika untuk penggunaan medis
OBT310,Losum 5mg,Antidepresan,176,95317,2026-12-19,Obat antidepresan untuk penggunaan medis
OBT311,Atorum 20mg,Analgesik,416,65467,2026-01-20,Obat analgesik untuk penggunaan medis
OBT312,Amoxex 1000mg,Kardiovaskular,173,82634,2026-06-03,Obat kardiovaskular untuk penggunaan medis
OBT313,Ibuin 1000mg,Kardiovaskular,108,67200,2025-01-27,Obat kardiovaskular untuk penggunaan medis
OBT314,Ibuin 5mg,Antibiotik,366,93839,2026-04-28,Obat antibiotik untuk penggunaan medis
OBT315,Captax 250mg,Antidiabetes,194,90416,2025-04-01,Obat antidiabetes untuk penggunaan medis
OBT316,Dicloex 50mg,Antasida,398,81165,2026-02-22,Obat antasida untuk penggunaan medis
OBT317,Omepol 50mg,Kortikosteroid,336,22639,2026-11-22,Obat kortikosteroid untuk penggunaan medis
OBT318,Amloin 50mg,Antidiabetes,226,16433,2026-10-04,Obat antidiabetes untuk penggunaan medis
OBT319,Cefiex 25mg,Antasida,306,66992,2026-09-21,Obat antasida untuk penggunaan medis
OBT320,Simat 250mg,Mineral,339,63312,2026-10-09,Obat mineral untuk penggunaan medis
OBT321,Amloox 50mg,Antasida,448,65246,2025-05-30,Obat antasida untuk penggunaan medis
OBT322,Captum 20mg,Analgesik,139,10110,2026-11-17,Obat analgesik untuk penggunaan medis
OBT323,Dicloex 250mg,Analgesik,448,50538,2025-05-11,Obat analgesik untuk penggunaan medis
OBT324,Simil 10mg,Antibiotik,144,27383,2026-06-13,Obat antibiotik untuk penggunaan medis
OBT325,Amloil 20mg,Vitamin,112,28324,2026-11-08,Obat vitamin untuk penggunaan medis
OBT326,Metex 100mg,Mineral,136,49277,2026-07-11,Obat mineral untuk penggunaan medis
OBT327,Amoxax 500mg,Antidepresan,270,31149,2026-07-23,Obat antidepresan untuk penggunaan medis
OBT328,Losol 25mg,Psikotropika,493,35448,2026-08-25,Obat psikotropika untuk penggunaan medis
OBT329,Dicloat 10mg,Antidiabetes,128,75162,2026-07-13,Obat antidiabetes untuk penggunaan medis
OBT330,Ranitox 20mg,Antibiotik,82,98900,2025-10-30,Obat antibiotik untuk penggunaan medis
OBT331,Amloum 100mg,Analgesik,199,9628,2025-04-01,Obat analgesik untuk penggunaan medis
OBT332,Ranitum 1000mg,Psikotropika,391,45261,2025-04-10,Obat psikotropika untuk penggunaan medis
OBT333,Amloen 25mg,Antihistamin,152,88508,2026-06-11,Obat antihistamin untuk penggunaan medis
OBT334,Ibuol 1000mg,Mineral,62,33234,2026-06-05,Obat mineral untuk penggunaan medis
OBT335,Simen 100mg,Kortikosteroid,421,99115,2025-03-01,Obat kortikosteroid untuk penggunaan medis
OBT336,Atorat 5mg,Vitamin,369,77782,2025-04-13,Obat vitamin untuk penggunaan medis
OBT337,Ranitin 10mg,Antibiotik,204,36741,2025-04-25,Obat antibiotik untuk penggunaan medis
OBT338,Dicloat 250mg,Psikotropika,444,45212,2026-01-19,Obat psikotropika untuk penggunaan medis
OBT339,Amloil 50mg,Antikonvulsan,110,69517,2025-06-29,Obat antikonvulsan untuk penggunaan medis
OBT340,Cefian 250mg,Antasida,77,21097,2025-02-01,Obat antasida untuk penggunaan medis
OBT341,Omepin 10mg,Analgesik,158,61694,2025-04-26,Obat analgesik untuk penggunaan medis
OBT342,Paraol 100mg,Antidepresan,288,45984,2026-05-31,Obat antidepresan untuk penggunaan medis
OBT343,Metat 250mg,Antikonvulsan,343,31300,2025-10-13,Obat antikonvulsan untuk penggunaan medis
OBT344,Amoxox 20mg,Kardiovaskular,275,65367,2025-07-02,Obat kardiovaskular untuk penggunaan medis
OBT345,Amloax 500mg,Analgesik,53,74274,2025-03-29,Obat analgesik untuk penggunaan medis
OBT346,Ibuex 25mg,Antibiotik,59,98444,2026-01-20,Obat antibiotik untuk penggunaan medis
OBT347,Amloax 1000mg,Antidepresan,158,35242,2025-09-25,Obat antidepresan untuk penggunaan medis
OBT348,Dexaex 5mg,Kortikosteroid,62,96888,2025-08-16,Obat kortikosteroid untuk penggunaan medis
OBT349,Captin 100mg,Antidiabetes,215,63167,2026-02-01,Obat antidiabetes untuk penggunaan medis
OBT350,Amoxat 1000mg,Antidiabetes,361,88982,2025-01-04,Obat antidiabetes untuk penggunaan medis
OBT351,Dicloat 1000mg,Kardiovaskular,238,60932,2026-03-16,Obat kardiovaskular untuk penggunaan medis
OBT352,Losol 250mg,Antibiotik,50,33317,2026-05-04,Obat antibiotik untuk penggunaan medis
OBT353,Captat 5mg,Vitamin,255,42143,2026-09-15,Obat vitamin untuk penggunaan medis
OBT354,Dicloin 20mg,Vitamin,171,52456,2026-10-27,Obat vitamin untuk penggunaan medis
OBT355,Parail 250mg,Kardiovaskular,397,57554,2025-04-28,Obat kardiovaskular untuk penggunaan medis
OBT356,Captum 5mg,Antidepresan,470,77176,2025-09-08,Obat antidepresan untuk penggunaan medis
OBT357,Amloin 1000mg,Antibiotik,119,62884,2026-08-22,Obat antibiotik untuk penggunaan medis
OBT358,Simex 25mg,Antidepresan,481,72362,2026-04-11,Obat antidepresan untuk penggunaan medis
OBT359,Atorex 50mg,Antihistamin,123,84662,2026-08-14,Obat antihistamin untuk penggunaan medis
OBT360,Atoran 250mg,Antihistamin,65,65198,2026-11-27,Obat antihistamin untuk penggunaan medis
OBT361,Omepum 25mg,Psikotropika,189,27227,2025-07-26,Obat psikotropika untuk penggunaan medis
OBT362,Atoren 1000mg,Antidiabetes,478,57900,2025-05-16,Obat antidiabetes untuk penggunaan medis
OBT363,Dexaen 1000mg,Mineral,179,78066,2026-08-20,Obat mineral untuk penggunaan medis
OBT364,Cefiax 250mg,Kortikosteroid,233,35753,2025-03-24,Obat kortikosteroid untuk penggunaan medis
OBT365,Omepil 250mg,Kortikosteroid,86,79113,2025-03-04,Obat kortikosteroid untuk penggunaan medis
OBT366,Metol 1000mg,Antidiabetes,481,8580,2025-01-28,Obat antidiabetes untuk penggunaan medis
OBT367,Amloex 25mg,Antasida,454,68755,2026-03-21,Obat antasida untuk penggunaan medis
OBT368,Simen 20mg,Antasida,338,35459,2026-07-30,Obat antasida untuk penggunaan medis
OBT369,Meten 5mg,Antibiotik,424,26445,2025-12-25,Obat antibiotik untuk penggunaan medis
OBT370,Omepox 100mg,Antihistamin,314,26134,2026-06-29,Obat antihistamin untuk penggunaan medis
OBT371,Amloox 10mg,Mineral,50,50428,2025-04-12,Obat mineral untuk penggunaan medis
OBT372,Losil 100mg,Antasida,110,74427,2026-10-27,Obat antasida untuk penggunaan medis
OBT373,Ranitil 100mg,Antasida,232,53385,2025-01-20,Obat antasida untuk penggunaan medis
OBT374,Simin 10mg,Antihistamin,500,61189,2026-02-05,Obat antihistamin untuk penggunaan medis
OBT375,Cefiil 500mg,Antibiotik,137,67743,2026-01-27,Obat antibiotik untuk penggunaan medis
OBT376,Paraat 50mg,Analgesik,342,69023,2026-12-31,Obat analgesik untuk penggunaan medis
OBT377,Amoxil 20mg,Kardiovaskular,166,80590,2026-08-14,Obat kardiovaskular untuk penggunaan medis
OBT378,Losan 500mg,Psikotropika,105,74617,2026-03-23,Obat psikotropika untuk penggunaan medis
OBT379,Dicloax 5mg,Antasida,111,68671,2026-09-18,Obat antasida untuk penggunaan medis
OBT380,Dicloax 20mg,Antihistamin,365,71569,2025-04-11,Obat antihistamin untuk penggunaan medis
OBT381,Losax 5mg,Antidiabetes,67,15601,2025-01-17,Obat antidiabetes untuk penggunaan medis
OBT382,Dexaox 1000mg,Kardiovaskular,385,67449,2026-12-11,Obat kardiovaskular untuk penggunaan medis
OBT383,Ranitax 5mg,Antidepresan,355,34972,2025-04-07,Obat antidepresan untuk penggunaan medis
OBT384,Amoxol 1000mg,Antasida,219,29456,2026-05-13,Obat antasida untuk penggunaan medis
OBT385,Ranitin 250mg,Vitamin,302,19226,2026-08-28,Obat vitamin untuk penggunaan medis
OBT386,Paraan 10mg,Antibiotik,288,29259,2025-11-24,Obat antibiotik untuk penggunaan medis
OBT387,Cefian 20mg,Psikotropika,202,81360,2025-03-03,Obat psikotropika untuk penggunaan medis
OBT388,Amloox 1000mg,Antidepresan,453,25826,2026-08-01,Obat antidepresan untuk penggunaan medis
OBT389,Dexaax 1000mg,Antidiabetes,320,34196,2025-01-13,Obat antidiabetes untuk penggunaan medis
OBT390,Ibuan 25mg,Vitamin,149,91387,2025-02-16,Obat vitamin untuk penggunaan medis
OBT391,Atorin 1000mg,Mineral,192,52009,2025-03-16,Obat mineral untuk penggunaan medis
OBT392,Ibuex 20mg,Antidepresan,430,15706,2025-12-23,Obat antidepresan untuk penggunaan medis
OBT393,Atorat 20mg,Analgesik,420,8610,2025-03-25,Obat analgesik untuk penggunaan medis
OBT394,Metex 250mg,Antidepresan,192,48152,2025-03-29,Obat antidepresan untuk penggunaan medis
OBT395,Captex 500mg,Kardiovaskular,321,91577,2026-04-02,Obat kardiovaskular untuk penggunaan medis
OBT396,Dexaen 50mg,Antihistamin,61,64620,2026-01-20,Obat antihistamin untuk penggunaan medis
OBT397,Cefiat 500mg,Antibiotik,200,67533,2025-05-21,Obat antibiotik untuk penggunaan medis
OBT398,Dexaax 100mg,Antihistamin,58,93050,2026-12-16,Obat antihistamin untuk penggunaan medis
OBT399,Ibuin 10mg,Mineral,204,36126,2025-03-03,Obat mineral untuk penggunaan medis
OBT400,Cefien 25mg,Mineral,134,38361,2025-03-29,Obat mineral untuk penggunaan medis
OBT401,Dicloin 5mg,Kortikosteroid,499,54706,2026-03-09,Obat kortikosteroid untuk penggunaan medis
OBT402,Omepan 250mg,Antibiotik,232,80645,2026-06-16,Obat antibiotik untuk penggunaan medis
OBT403,Omepat 100mg,Kortikosteroid,343,66359,2025-08-01,Obat kortikosteroid untuk penggunaan medis
OBT404,Dicloax 100mg,Antidiabetes,318,46765,2025-10-26,Obat antidiabetes untuk penggunaan medis
OBT405,Omepox 25mg,Antibiotik,232,67228,2026-12-01,Obat antibiotik untuk penggunaan medis
OBT406,Amoxan 250mg,Antasida,113,14879,2026-11-04,Obat antasida untuk penggunaan medis
OBT407,Dexaox 5mg,Antidepresan,54,74703,2026-02-02,Obat antidepresan untuk penggunaan medis
OBT408,Amloat 100mg,Kardiovaskular,255,76206,2026-11-08,Obat kardiovaskular untuk penggunaan medis
OBT409,Dicloox 500mg,Vitamin,417,77890,2025-08-20,Obat vitamin untuk penggunaan medis
OBT410,Cefiat 20mg,Antibiotik,404,7173,2025-05-26,Obat antibiotik untuk penggunaan medis
OBT411,Amoxin 5mg,Antidepresan,287,47262,2025-01-12,Obat antidepresan untuk penggunaan medis
OBT412,Dicloax 100mg,Antidepresan,287,94190,2025-03-06,Obat antidepresan untuk penggunaan medis
OBT413,Omepin 50mg,Kortikosteroid,309,36609,2025-12-04,Obat kortikosteroid untuk penggunaan medis
OBT414,Cefiex 20mg,Antibiotik,345,75052,2026-10-13,Obat antibiotik untuk penggunaan medis
OBT415,Siman 20mg,Psikotropika,326,97926,2025-03-01,Obat psikotropika untuk penggunaan medis
OBT416,Paraat 5mg,Kardiovaskular,70,12256,2025-10-30,Obat kardiovaskular untuk penggunaan medis
OBT417,Raniten 25mg,Antidepresan,261,48705,2026-02-05,Obat antidepresan untuk penggunaan medis
OBT418,Captox 100mg,Antikonvulsan,140,79607,2025-02-10,Obat antikonvulsan untuk penggunaan medis
OBT419,Amloex 10mg,Psikotropika,384,77707,2025-04-26,Obat psikotropika untuk penggunaan medis
OBT420,Omepin 100mg,Antikonvulsan,364,40032,2025-03-18,Obat antikonvulsan untuk penggunaan medis
OBT421,Dicloox 5mg,Antidiabetes,397,22021,2026-01-02,Obat antidiabetes untuk penggunaan medis
OBT422,Amoxan 5mg,Mineral,286,47708,2026-11-01,Obat mineral untuk penggunaan medis
OBT423,Simox 25mg,Kortikosteroid,301,80725,2025-08-05,Obat kortikosteroid untuk penggunaan medis
OBT424,Siman 50mg,Kardiovaskular,308,17003,2025-04-25,Obat kardiovaskular untuk penggunaan medis
OBT425,Ibuen 10mg,Antihistamin,274,68278,2026-09-04,Obat antihistamin untuk penggunaan medis
OBT426,Dicloil 1000mg,Antidiabetes,247,88468,2026-12-09,Obat antidiabetes untuk penggunaan medis
OBT427,Omepol 25mg,Antikonvulsan,224,49271,2026-08-26,Obat antikonvulsan untuk penggunaan medis
OBT428,Cefiat 50mg,Antidiabetes,296,98524,2025-11-30,Obat antidiabetes untuk penggunaan medis
OBT429,Losen 100mg,Antidiabetes,295,16988,2025-01-12,Obat antidiabetes untuk penggunaan medis
OBT430,Ranitex 25mg,Analgesik,263,94571,2025-01-05,Obat analgesik untuk penggunaan medis
OBT431,Amoxox 25mg,Kortikosteroid,132,7251,2026-06-25,Obat kortikosteroid untuk penggunaan medis
OBT432,Cefien 250mg,Antikonvulsan,309,32953,2025-12-27,Obat antikonvulsan untuk penggunaan medis
OBT433,Dicloum 1000mg,Antibiotik,216,48478,2026-10-10,Obat antibiotik untuk penggunaan medis
OBT434,Omepan 20mg,Analgesik,278,26008,2025-09-18,Obat analgesik untuk penggunaan medis
OBT435,Ibuil 20mg,Analgesik,298,12223,2025-07-06,Obat analgesik untuk penggunaan medis
OBT436,Atorat 50mg,Kortikosteroid,401,79722,2025-11-04,Obat kortikosteroid untuk penggunaan medis
OBT437,Amoxax 250mg,Mineral,478,36960,2026-10-31,Obat mineral untuk penggunaan medis
OBT438,Atorat 20mg,Antibiotik,340,5225,2025-10-26,Obat antibiotik untuk penggunaan medis
OBT439,Simen 25mg,Mineral,287,95948,2026-02-02,Obat mineral untuk penggunaan medis
OBT440,Captex 250mg,Mineral,466,21155,2026-01-03,Obat mineral untuk penggunaan medis
OBT441,Ranitum 5mg,Mineral,291,59135,2025-06-01,Obat mineral untuk penggunaan medis
OBT442,Ibuex 25mg,Antibiotik,231,20387,2025-02-23,Obat antibiotik untuk penggunaan medis
OBT443,Ibuen 20mg,Antibiotik,488,44119,2026-01-31,Obat antibiotik untuk penggunaan medis
OBT444,Omepan 50mg,Mineral,494,17069,2026-10-12,Obat mineral untuk penggunaan medis
OBT445,Ibuat 25mg,Antikonvulsan,121,88136,2026-06-22,Obat antikonvulsan untuk penggunaan medis
OBT446,Ranitil 1000mg,Antidepresan,416,25952,2025-02-28,Obat antidepresan untuk penggunaan medis
OBT447,Dexail 250mg,Antikonvulsan,381,31820,2026-03-15,Obat antikonvulsan untuk penggunaan medis
OBT448,Paraat 50mg,Antidepresan,106,80221,2026-09-28,Obat antidepresan untuk penggunaan medis
OBT449,Amloax 50mg,Analgesik,350,56414,2026-09-02,Obat analgesik untuk penggunaan medis
OBT450,Amoxin 20mg,Kortikosteroid,328,58818,2025-09-01,Obat kortikosteroid untuk penggunaan medis
OBT451,Amloan 25mg,Antibiotik,272,16978,2026-03-17,Obat antibiotik untuk penggunaan medis
OBT452,Atorat 1000mg,Vitamin,481,58028,2026-04-19,Obat vitamin untuk penggunaan medis
OBT453,Dexaax 25mg,Vitamin,50,35359,2025-09-05,Obat vitamin untuk penggunaan medis
OBT454,Amoxat 500mg,Antihistamin,83,24443,2025-03-14,Obat antihistamin untuk penggunaan medis
OBT455,Atorum 5mg,Antibiotik,390,35812,2025-09-20,Obat antibiotik untuk penggunaan medis
OBT456,Dexaex 50mg,Antihistamin,271,99001,2025-10-07,Obat antihistamin untuk penggunaan medis
OBT457,Dexain 1000mg,Kardiovaskular,361,76938,2026-08-21,Obat kardiovaskular untuk penggunaan medis
OBT458,Amoxen 100mg,Antasida,71,58971,2025-03-22,Obat antasida untuk penggunaan medis
OBT459,Ranitax 500mg,Analgesik,312,46357,2026-05-27,Obat analgesik untuk penggunaan medis
OBT460,Ranitin 500mg,Antidepresan,402,97301,2025-07-13,Obat antidepresan untuk penggunaan medis
OBT461,Metil 1000mg,Antasida,420,28677,2025-06-10,Obat antasida untuk penggunaan medis
OBT462,Ibuin 5mg,Kardiovaskular,340,80981,2025-01-11,Obat kardiovaskular untuk penggunaan medis
OBT463,Dexaol 500mg,Antidiabetes,133,37198,2025-06-09,Obat antidiabetes untuk penggunaan medis
OBT464,Metex 1000mg,Antibiotik,144,72140,2025-12-23,Obat antibiotik untuk penggunaan medis
OBT465,Simum 10mg,Vitamin,304,87799,2026-05-30,Obat vitamin untuk penggunaan medis
OBT466,Amoxum 25mg,Antidiabetes,76,43127,2026-04-20,Obat antidiabetes untuk penggunaan medis
OBT467,Atorum 1000mg,Antikonvulsan,177,81924,2025-06-13,Obat antikonvulsan untuk penggunaan medis
OBT468,Amoxax 100mg,Kardiovaskular,321,56899,2026-05-29,Obat kardiovaskular untuk penggunaan medis
OBT469,Dicloan 5mg,Kortikosteroid,79,16145,2026-04-02,Obat kortikosteroid untuk penggunaan medis
OBT470,Ranitol 10mg,Antidiabetes,470,15209,2026-11-15,Obat antidiabetes untuk penggunaan medis
OBT471,Losan 20mg,Antidiabetes,368,31308,2025-10-25,Obat antidiabetes untuk penggunaan medis
OBT472,Omepil 50mg,Antidepresan,330,61659,2026-06-05,Obat antidepresan untuk penggunaan medis
OBT473,Capten 5mg,Psikotropika,273,26769,2026-03-31,Obat psikotropika untuk penggunaan medis
OBT474,Dicloat 20mg,Kortikosteroid,417,29703,2025-04-30,Obat kortikosteroid untuk penggunaan medis
OBT475,Amloox 500mg,Kortikosteroid,64,80437,2026-08-15,Obat kortikosteroid untuk penggunaan medis
OBT476,Ranitin 20mg,Psikotropika,158,91684,2026-11-21,Obat psikotropika untuk penggunaan medis
OBT477,Dexaex 500mg,Mineral,393,71658,2025-08-27,Obat mineral untuk penggunaan medis
OBT478,Ranitol 1000mg,Antidepresan,481,16562,2026-12-03,Obat antidepresan untuk penggunaan medis
OBT479,Ibuil 10mg,Antidiabetes,341,48275,2026-08-13,Obat antidiabetes untuk penggunaan medis
OBT480,Cefium 250mg,Psikotropika,399,46806,2026-06-10,Obat psikotropika untuk penggunaan medis
OBT481,Dicloat 500mg,Antidepresan,431,16337,2025-12-24,Obat antidepresan untuk penggunaan medis
OBT482,Omepen 500mg,Vitamin,476,8659,2026-03-02,Obat vitamin untuk penggunaan medis
OBT483,Diclool 100mg,Antidepresan,146,93660,2025-03-15,Obat antidepresan untuk penggunaan medis
OBT484,Amloil 20mg,Antidepresan,367,84541,2025-05-28,Obat antidepresan untuk penggunaan medis
OBT485,Ibuol 5mg,Mineral,353,47793,2026-06-28,Obat mineral untuk penggunaan medis
OBT486,Omepen 100mg,Antasida,89,21884,2026-12-02,Obat antasida untuk penggunaan medis
OBT487,Ranitum 5mg,Antidepresan,268,16822,2026-10-17,Obat antidepresan untuk penggunaan medis
OBT488,Cefiin 1000mg,Antibiotik,287,98476,2026-05-28,Obat antibiotik untuk penggunaan medis
OBT489,Losox 250mg,Mineral,448,41725,2025-09-10,Obat mineral untuk penggunaan medis
OBT490,Ibuat 25mg,Antasida,462,69840,2026-01-22,Obat antasida untuk penggunaan medis
OBT491,Meten 20mg,Antikonvulsan,219,47470,2025-05-26,Obat antikonvulsan untuk penggunaan medis
OBT492,Captox 5mg,Analgesik,480,96880,2026-03-28,Obat analgesik untuk penggunaan medis
OBT493,Atorax 50mg,Antasida,330,44784,2025-07-19,Obat antasida untuk penggunaan medis
OBT494,Amoxin 1000mg,Analgesik,114,13466,2026-03-13,Obat analgesik untuk penggunaan medis
OBT495,Ibuil 50mg,Kortikosteroid,396,54206,2026-09-23,Obat kortikosteroid untuk penggunaan medis
OBT496,Paraan 1000mg,Antikonvulsan,219,30776,2025-02-23,Obat antikonvulsan untuk penggunaan medis
OBT497,Omepan 5mg,Psikotropika,405,34887,2026-06-11,Obat psikotropika untuk penggunaan medis
OBT498,Amloan 500mg,Vitamin,224,59440,2026-05-29,Obat vitamin untuk penggunaan medis
OBT499,Captin 25mg,Antidepresan,95,87994,2026-05-26,Obat antidepresan untuk penggunaan medis
OBT500,Losen 5mg,Vitamin,199,47804,2026-11-01,Obat vitamin untuk penggunaan medis
OBT501,Omepan 5mg,Analgesik,388,10792,2026-04-06,Obat analgesik untuk penggunaan medis
OBT502,Amoxat 1000mg,Mineral,370,74806,2025-07-01,Obat mineral untuk penggunaan medis
OBT503,Ibuum 10mg,Antihistamin,167,63365,2025-06-13,Obat antihistamin untuk penggunaan medis
OBT504,Dicloat 500mg,Antihistamin,445,76525,2025-06-29,Obat antihistamin untuk penggunaan medis
OBT505,Dexaol 500mg,Kardiovaskular,108,21117,2025-04-21,Obat kardiovaskular untuk penggunaan medis
OBT506,Paraol 25mg,Antihistamin,387,63694,2025-12-17,Obat antihistamin untuk penggunaan medis
OBT507,Amloin 250mg,Mineral,488,52651,2025-06-04,Obat mineral untuk penggunaan medis
OBT508,Atorat 250mg,Antikonvulsan,430,32972,2025-09-12,Obat antikonvulsan untuk penggunaan medis
OBT509,Simum 1000mg,Antasida,139,77917,2025-06-04,Obat antasida untuk penggunaan medis
OBT510,Amlool 20mg,Antikonvulsan,332,27626,2026-01-27,Obat antikonvulsan untuk penggunaan medis
OBT511,Metat 100mg,Kortikosteroid,272,65756,2025-01-07,Obat kortikosteroid untuk penggunaan medis
OBT512,Ranitat 5mg,Antidiabetes,395,57021,2026-12-16,Obat antidiabetes untuk penggunaan medis
OBT513,Ranitum 5mg,Vitamin,218,38208,2025-08-17,Obat vitamin untuk penggunaan medis
OBT514,Amloat 5mg,Antasida,278,65411,2025-04-17,Obat antasida untuk penggunaan medis
OBT515,Dexaan 250mg,Vitamin,479,47647,2025-02-07,Obat vitamin untuk penggunaan medis
OBT516,Dicloan 250mg,Antihistamin,306,95475,2025-09-01,Obat antihistamin untuk penggunaan medis
OBT517,Cefian 20mg,Antidiabetes,193,74860,2026-08-02,Obat antidiabetes untuk penggunaan medis
OBT518,Ibuum 250mg,Antidiabetes,463,45820,2026-08-06,Obat antidiabetes untuk penggunaan medis
OBT519,Losex 20mg,Antidepresan,496,44575,2025-10-31,Obat antidepresan untuk penggunaan medis
OBT520,Dexaum 50mg,Antikonvulsan,155,28443,2026-03-21,Obat antikonvulsan untuk penggunaan medis
OBT521,Dexail 250mg,Kardiovaskular,166,18137,2025-03-16,Obat kardiovaskular untuk penggunaan medis
OBT522,Captan 250mg,Vitamin,142,84001,2026-09-02,Obat vitamin untuk penggunaan medis
OBT523,Ranitin 10mg,Psikotropika,206,69007,2026-09-30,Obat psikotropika untuk penggunaan medis
OBT524,Paraox 1000mg,Kortikosteroid,76,42138,2025-07-28,Obat kortikosteroid untuk penggunaan medis
OBT525,Atorox 20mg,Antidiabetes,492,50867,2026-05-03,Obat antidiabetes untuk penggunaan medis
OBT526,Losan 500mg,Antasida,84,95830,2026-04-02,Obat antasida untuk penggunaan medis
OBT527,Atoril 250mg,Psikotropika,78,74774,2025-06-02,Obat psikotropika untuk penggunaan medis
OBT528,Metil 25mg,Antidepresan,415,9011,2025-01-23,Obat antidepresan untuk penggunaan medis
OBT529,Captin 50mg,Antidiabetes,310,23350,2026-12-07,Obat antidiabetes untuk penggunaan medis
OBT530,Captil 500mg,Antasida,59,55513,2025-12-10,Obat antasida untuk penggunaan medis
OBT531,Metox 100mg,Psikotropika,154,14329,2025-05-09,Obat psikotropika untuk penggunaan medis
OBT532,Simil 20mg,Antidepresan,311,20063,2025-09-20,Obat antidepresan untuk penggunaan medis
OBT533,Amloan 20mg,Antihistamin,171,83219,2026-02-19,Obat antihistamin untuk penggunaan medis
OBT534,Ranitex 1000mg,Mineral,70,76785,2025-08-24,Obat mineral untuk penggunaan medis
OBT535,Amoxat 250mg,Vitamin,236,36906,2026-03-16,Obat vitamin untuk penggunaan medis
OBT536,Amoxox 500mg,Kardiovaskular,297,12481,2025-09-10,Obat kardiovaskular untuk penggunaan medis
OBT537,Amoxax 100mg,Antibiotik,107,36399,2025-10-27,Obat antibiotik untuk penggunaan medis
OBT538,Atoril 500mg,Psikotropika,406,42857,2025-05-20,Obat psikotropika untuk penggunaan medis
OBT539,Dexail 250mg,Kardiovaskular,84,68050,2025-09-16,Obat kardiovaskular untuk penggunaan medis
OBT540,Amoxen 500mg,Antasida,467,50174,2026-06-17,Obat antasida untuk penggunaan medis
OBT541,Amloat 250mg,Analgesik,230,28286,2026-02-07,Obat analgesik untuk penggunaan medis
OBT542,Dicloil 100mg,Antikonvulsan,147,5561,2026-12-12,Obat antikonvulsan untuk penggunaan medis
OBT543,Atorin 5mg,Antibiotik,261,34637,2025-02-25,Obat antibiotik untuk penggunaan medis
OBT544,Losox 250mg,Mineral,368,32737,2025-10-11,Obat mineral untuk penggunaan medis
OBT545,Diclool 100mg,Antibiotik,136,46287,2026-07-06,Obat antibiotik untuk penggunaan medis
OBT546,Simox 250mg,Psikotropika,221,84834,2026-05-27,Obat psikotropika untuk penggunaan medis
OBT547,Losat 50mg,Antibiotik,376,81797,2026-03-21,Obat antibiotik untuk penggunaan medis
OBT548,Dicloex 25mg,Antidiabetes,359,53854,2026-01-11,Obat antidiabetes untuk penggunaan medis
OBT549,Ibuat 100mg,Mineral,53,47874,2026-05-06,Obat mineral untuk penggunaan medis
OBT550,Losax 10mg,Antasida,483,63861,2025-03-24,Obat antasida untuk penggunaan medis
OBT551,Metum 10mg,Antidiabetes,233,13507,2026-02-13,Obat antidiabetes untuk penggunaan medis
OBT552,Amloex 250mg,Analgesik,122,70886,2026-01-13,Obat analgesik untuk penggunaan medis
OBT553,Dicloen 5mg,Vitamin,79,77646,2026-07-21,Obat vitamin untuk penggunaan medis
OBT554,Captin 100mg,Antidiabetes,413,33113,2025-02-06,Obat antidiabetes untuk penggunaan medis
OBT555,Ibuen 20mg,Antibiotik,97,81534,2025-10-18,Obat antibiotik untuk penggunaan medis
OBT556,Dicloax 25mg,Mineral,415,79078,2026-10-18,Obat mineral untuk penggunaan medis
OBT557,Atorat 100mg,Kortikosteroid,262,42898,2025-03-26,Obat kortikosteroid untuk penggunaan medis
OBT558,Paraat 25mg,Antidepresan,209,31233,2026-08-03,Obat antidepresan untuk penggunaan medis
OBT559,Atorox 25mg,Antihistamin,354,82734,2026-05-30,Obat antihistamin untuk penggunaan medis
OBT560,Raniten 100mg,Antibiotik,444,5803,2026-08-24,Obat antibiotik untuk penggunaan medis
OBT561,Paraan 100mg,Kortikosteroid,494,51260,2025-10-20,Obat kortikosteroid untuk penggunaan medis
OBT562,Captum 25mg,Mineral,157,82385,2026-08-21,Obat mineral untuk penggunaan medis
OBT563,Losax 50mg,Antidiabetes,345,96825,2025-07-05,Obat antidiabetes untuk penggunaan medis
OBT564,Dexaan 25mg,Antihistamin,373,81124,2025-06-03,Obat antihistamin untuk penggunaan medis
OBT565,Paraox 25mg,Analgesik,478,85611,2026-11-25,Obat analgesik untuk penggunaan medis
OBT566,Dexaen 500mg,Antidepresan,414,85130,2026-09-13,Obat antidepresan untuk penggunaan medis
OBT567,Captin 5mg,Analgesik,260,25612,2025-10-23,Obat analgesik untuk penggunaan medis
OBT568,Simox 25mg,Kortikosteroid,283,20114,2025-08-09,Obat kortikosteroid untuk penggunaan medis
OBT569,Atorol 100mg,Psikotropika,395,35136,2026-07-16,Obat psikotropika untuk penggunaan medis
OBT570,Captum 5mg,Antihistamin,341,70868,2025-03-23,Obat antihistamin untuk penggunaan medis
OBT571,Dicloil 500mg,Psikotropika,126,22407,2025-09-07,Obat psikotropika untuk penggunaan medis
OBT572,Siman 50mg,Analgesik,175,49548,2025-04-08,Obat analgesik untuk penggunaan medis
OBT573,Cefium 250mg,Antidepresan,201,20714,2025-10-12,Obat antidepresan untuk penggunaan medis
OBT574,Paraum 25mg,Mineral,267,90878,2026-08-06,Obat mineral untuk penggunaan medis
OBT575,Ranitox 10mg,Mineral,496,8501,2026-02-18,Obat mineral untuk penggunaan medis
OBT576,Ranitil 20mg,Antikonvulsan,452,17718,2026-07-26,Obat antikonvulsan untuk penggunaan medis
OBT577,Dicloex 1000mg,Kortikosteroid,187,7729,2025-09-06,Obat kortikosteroid untuk penggunaan medis
OBT578,Simat 500mg,Psikotropika,433,8164,2025-01-27,Obat psikotropika untuk penggunaan medis
OBT579,Paraol 50mg,Antikonvulsan,421,16214,2025-04-14,Obat antikonvulsan untuk penggunaan medis
OBT580,Losox 100mg,Antibiotik,78,8558,2026-07-15,Obat antibiotik untuk penggunaan medis
OBT581,Dicloin 500mg,Vitamin,113,88316,2026-04-10,Obat vitamin untuk penggunaan medis
OBT582,Dexail 5mg,Antidepresan,111,65915,2025-12-24,Obat antidepresan untuk penggunaan medis
OBT583,Paraat 100mg,Antihistamin,138,45519,2025-01-05,Obat antihistamin untuk penggunaan medis
OBT584,Amloox 25mg,Kortikosteroid,207,19281,2025-06-09,Obat kortikosteroid untuk penggunaan medis
OBT585,Metin 500mg,Antikonvulsan,79,65383,2026-06-25,Obat antikonvulsan untuk penggunaan medis
OBT586,Losex 1000mg,Analgesik,408,89348,2026-01-21,Obat analgesik untuk penggunaan medis
OBT587,Captum 250mg,Antibiotik,445,94325,2026-02-15,Obat antibiotik untuk penggunaan medis
OBT588,Paraen 1000mg,Antidepresan,132,36520,2025-07-24,Obat antidepresan untuk penggunaan medis
OBT589,Paraol 500mg,Antihistamin,308,60345,2025-09-09,Obat antihistamin untuk penggunaan medis
OBT590,Captin 100mg,Antasida,81,38486,2026-06-03,Obat antasida untuk penggunaan medis
OBT591,Losen 50mg,Kortikosteroid,284,24402,2026-10-01,Obat kortikosteroid untuk penggunaan medis
OBT592,Atorex 100mg,Antidepresan,426,6983,2026-05-24,Obat antidepresan untuk penggunaan medis
OBT593,Dexaex 20mg,Vitamin,63,20615,2025-12-28,Obat vitamin untuk penggunaan medis
OBT594,Paraum 100mg,Psikotropika,469,32357,2025-12-25,Obat psikotropika untuk penggunaan medis
OBT595,Omepen 10mg,Antihistamin,194,11671,2026-06-18,Obat antihistamin untuk penggunaan medis
OBT596,Amloox 250mg,Kardiovaskular,406,59855,2025-06-18,Obat kardiovaskular untuk penggunaan medis
OBT597,Paraat 500mg,Antasida,452,11854,2026-02-10,Obat antasida untuk penggunaan medis
OBT598,Atorin 500mg,Antidepresan,314,65354,2025-01-21,Obat antidepresan untuk penggunaan medis
OBT599,Dexail 1000mg,Antikonvulsan,395,6475,2026-07-27,Obat antikonvulsan untuk penggunaan medis
OBT600,Amoxil 25mg,Antasida,378,15771,2025-03-03,Obat antasida untuk penggunaan medis
OBT601,Metum 10mg,Analgesik,333,44221,2026-08-19,Obat analgesik untuk penggunaan medis
OBT602,Ranitil 500mg,Antihistamin,219,50502,2026-02-26,Obat antihistamin untuk penggunaan medis
OBT603,Metax 1000mg,Antikonvulsan,480,63963,2025-10-19,Obat antikonvulsan untuk penggunaan medis
OBT604,Amloax 20mg,Mineral,166,43728,2025-02-06,Obat mineral untuk penggunaan medis
OBT605,Amloex 250mg,Antihistamin,483,55657,2025-04-27,Obat antihistamin untuk penggunaan medis
OBT606,Parail 5mg,Vitamin,136,63615,2026-08-07,Obat vitamin untuk penggunaan medis
OBT607,Losen 5mg,Vitamin,281,35536,2026-11-01,Obat vitamin untuk penggunaan medis
OBT608,Paraox 250mg,Kortikosteroid,364,70597,2026-02-09,Obat kortikosteroid untuk penggunaan medis
OBT609,Ibuum 500mg,Antasida,408,67594,2026-02-19,Obat antasida untuk penggunaan medis
OBT610,Atorat 20mg,Antidepresan,191,17352,2026-12-31,Obat antidepresan untuk penggunaan medis
OBT611,Atorex 250mg,Mineral,385,30086,2026-09-24,Obat mineral untuk penggunaan medis
OBT612,Amoxat 20mg,Vitamin,498,42562,2026-01-31,Obat vitamin untuk penggunaan medis
OBT613,Losin 10mg,Mineral,129,40344,2025-05-15,Obat mineral untuk penggunaan medis
OBT614,Cefiox 5mg,Analgesik,323,96518,2026-08-14,Obat analgesik untuk penggunaan medis
OBT615,Paraex 250mg,Antidepresan,95,32861,2025-09-08,Obat antidepresan untuk penggunaan medis
OBT616,Dexaat 50mg,Antihistamin,467,82624,2026-03-03,Obat antihistamin untuk penggunaan medis
OBT617,Amoxum 500mg,Antibiotik,398,13407,2026-03-28,Obat antibiotik untuk penggunaan medis
OBT618,Cefiil 20mg,Kardiovaskular,207,57371,2026-01-26,Obat kardiovaskular untuk penggunaan medis
OBT619,Cefien 100mg,Psikotropika,427,52474,2026-01-16,Obat psikotropika untuk penggunaan medis
OBT620,Omepin 25mg,Antibiotik,351,17018,2025-10-18,Obat antibiotik untuk penggunaan medis
OBT621,Amloan 1000mg,Antasida,462,81064,2026-03-24,Obat antasida untuk penggunaan medis
OBT622,Metox 50mg,Kardiovaskular,137,46147,2025-06-09,Obat kardiovaskular untuk penggunaan medis
OBT623,Metat 25mg,Kortikosteroid,469,85103,2026-05-05,Obat kortikosteroid untuk penggunaan medis
OBT624,Captox 100mg,Kortikosteroid,391,36591,2026-05-12,Obat kortikosteroid untuk penggunaan medis
OBT625,Atorat 5mg,Kortikosteroid,210,82374,2025-04-13,Obat kortikosteroid untuk penggunaan medis
OBT626,Cefiin 1000mg,Antasida,353,5008,2026-03-10,Obat antasida untuk penggunaan medis
OBT627,Atoren 50mg,Kortikosteroid,242,48014,2025-10-23,Obat kortikosteroid untuk penggunaan medis
OBT628,Meten 50mg,Psikotropika,305,24471,2025-12-08,Obat psikotropika untuk penggunaan medis
OBT629,Dicloat 10mg,Antihistamin,282,10869,2025-12-02,Obat antihistamin untuk penggunaan medis
OBT630,Paraum 50mg,Kortikosteroid,194,66664,2026-02-24,Obat kortikosteroid untuk penggunaan medis
OBT631,Captex 500mg,Mineral,442,14301,2025-12-03,Obat mineral untuk penggunaan medis
OBT632,Dexaex 1000mg,Kardiovaskular,201,65486,2025-06-30,Obat kardiovaskular untuk penggunaan medis
OBT633,Losat 20mg,Antasida,398,71632,2026-12-05,Obat antasida untuk penggunaan medis
OBT634,Ranitum 500mg,Antibiotik,407,53022,2026-11-05,Obat antibiotik untuk penggunaan medis
OBT635,Dicloat 25mg,Antibiotik,422,39270,2025-04-15,Obat antibiotik untuk penggunaan medis
OBT636,Ibuan 50mg,Antihistamin,50,91232,2025-08-29,Obat antihistamin untuk penggunaan medis
OBT637,Omepol 250mg,Kortikosteroid,425,90337,2025-03-06,Obat kortikosteroid untuk penggunaan medis
OBT638,Ranitum 500mg,Antasida,326,19166,2025-09-27,Obat antasida untuk penggunaan medis
OBT639,Ranitax 50mg,Kortikosteroid,274,83497,2025-02-17,Obat kortikosteroid untuk penggunaan medis
OBT640,Amloat 250mg,Antikonvulsan,323,6547,2026-05-25,Obat antikonvulsan untuk penggunaan medis
OBT641,Ranitan 50mg,Mineral,160,8393,2026-01-27,Obat mineral untuk penggunaan medis
OBT642,Atorin 5mg,Mineral,467,81234,2025-05-06,Obat mineral untuk penggunaan medis
OBT643,Metil 1000mg,Antasida,53,84015,2025-07-12,Obat antasida untuk penggunaan medis
OBT644,Dexaum 1000mg,Antihistamin,69,17552,2025-06-15,Obat antihistamin untuk penggunaan medis
OBT645,Paraum 50mg,Analgesik,423,60330,2025-05-18,Obat analgesik untuk penggunaan medis
OBT646,Omepax 250mg,Antasida,161,27617,2025-03-30,Obat antasida untuk penggunaan medis
OBT647,Captox 250mg,Psikotropika,122,87265,2025-06-17,Obat psikotropika untuk penggunaan medis
OBT648,Atorex 10mg,Antihistamin,359,36029,2025-10-29,Obat antihistamin untuk penggunaan medis
OBT649,Atorat 25mg,Antidepresan,499,35603,2025-07-17,Obat antidepresan untuk penggunaan medis
OBT650,Omepax 250mg,Antidepresan,432,38640,2026-09-08,Obat antidepresan untuk penggunaan medis
OBT651,Dicloen 500mg,Antasida,178,53376,2026-04-13,Obat antasida untuk penggunaan medis
OBT652,Dexaax 100mg,Psikotropika,228,15198,2025-06-12,Obat psikotropika untuk penggunaan medis
OBT653,Amoxum 20mg,Antidepresan,365,53452,2025-05-09,Obat antidepresan untuk penggunaan medis
OBT654,Dicloil 10mg,Kortikosteroid,449,6951,2025-09-05,Obat kortikosteroid untuk penggunaan medis
OBT655,Simox 5mg,Mineral,485,30304,2025-01-05,Obat mineral untuk penggunaan medis
OBT656,Dexaen 5mg,Kardiovaskular,226,25651,2025-05-25,Obat kardiovaskular untuk penggunaan medis
OBT657,Atorex 5mg,Antidepresan,385,57929,2025-12-25,Obat antidepresan untuk penggunaan medis
OBT658,Dexaax 50mg,Antidiabetes,411,49381,2026-01-04,Obat antidiabetes untuk penggunaan medis
OBT659,Paraum 250mg,Antidiabetes,426,88188,2026-12-08,Obat antidiabetes untuk penggunaan medis
OBT660,Cefien 25mg,Kardiovaskular,61,77114,2025-07-11,Obat kardiovaskular untuk penggunaan medis
OBT661,Omepan 20mg,Psikotropika,58,31346,2025-02-01,Obat psikotropika untuk penggunaan medis
OBT662,Amoxen 50mg,Psikotropika,94,10282,2026-09-10,Obat psikotropika untuk penggunaan medis
OBT663,Ibuol 25mg,Kortikosteroid,53,45619,2025-10-07,Obat kortikosteroid untuk penggunaan medis
OBT664,Paraan 250mg,Kortikosteroid,296,23247,2025-04-30,Obat kortikosteroid untuk penggunaan medis
OBT665,Amlool 1000mg,Mineral,130,72925,2025-10-06,Obat mineral untuk penggunaan medis
OBT666,Dicloan 10mg,Antikonvulsan,155,8327,2026-05-14,Obat antikonvulsan untuk penggunaan medis
OBT667,Ranitat 100mg,Antidiabetes,126,42259,2025-08-26,Obat antidiabetes untuk penggunaan medis
OBT668,Cefian 250mg,Antidepresan,435,75430,2025-04-09,Obat antidepresan untuk penggunaan medis
OBT669,Cefium 100mg,Antidiabetes,470,64285,2025-04-07,Obat antidiabetes untuk penggunaan medis
OBT670,Ranitan 10mg,Mineral,174,79572,2026-09-02,Obat mineral untuk penggunaan medis
OBT671,Dicloil 100mg,Antidiabetes,291,31332,2026-12-09,Obat antidiabetes untuk penggunaan medis
OBT672,Amoxan 50mg,Vitamin,301,71025,2026-05-12,Obat vitamin untuk penggunaan medis
OBT673,Dicloen 10mg,Kardiovaskular,365,56109,2026-12-03,Obat kardiovaskular untuk penggunaan medis
OBT674,Captil 1000mg,Kardiovaskular,467,7254,2025-12-23,Obat kardiovaskular untuk penggunaan medis
OBT675,Amloil 25mg,Antikonvulsan,112,29424,2025-10-25,Obat antikonvulsan untuk penggunaan medis
OBT676,Dexain 5mg,Psikotropika,232,45015,2026-07-23,Obat psikotropika untuk penggunaan medis
OBT677,Ranitex 100mg,Kardiovaskular,450,66307,2026-10-13,Obat kardiovaskular untuk penggunaan medis
OBT678,Atoran 20mg,Antikonvulsan,354,82666,2026-05-27,Obat antikonvulsan untuk penggunaan medis
OBT679,Losol 500mg,Antidepresan,393,85777,2026-05-20,Obat antidepresan untuk penggunaan medis
OBT680,Simil 10mg,Mineral,382,10004,2026-02-17,Obat mineral untuk penggunaan medis
OBT681,Dicloax 100mg,Kardiovaskular,351,80551,2025-03-10,Obat kardiovaskular untuk penggunaan medis
OBT682,Omepox 20mg,Antasida,293,8519,2025-07-14,Obat antasida untuk penggunaan medis
OBT683,Atorox 1000mg,Kortikosteroid,199,85642,2026-09-03,Obat kortikosteroid untuk penggunaan medis
OBT684,Amloan 50mg,Mineral,137,29915,2026-05-24,Obat mineral untuk penggunaan medis
OBT685,Metex 10mg,Antihistamin,176,37334,2025-06-25,Obat antihistamin untuk penggunaan medis
OBT686,Cefiat 500mg,Antihistamin,462,21894,2026-05-25,Obat antihistamin untuk penggunaan medis
OBT687,Captox 5mg,Antidiabetes,425,32396,2025-09-16,Obat antidiabetes untuk penggunaan medis
OBT688,Cefiil 500mg,Antidiabetes,283,77857,2025-01-28,Obat antidiabetes untuk penggunaan medis
OBT689,Metol 10mg,Antidiabetes,474,19378,2026-10-30,Obat antidiabetes untuk penggunaan medis
OBT690,Atoril 50mg,Antibiotik,370,41537,2026-11-02,Obat antibiotik untuk penggunaan medis
OBT691,Amloax 25mg,Kortikosteroid,463,41649,2025-08-02,Obat kortikosteroid untuk penggunaan medis
OBT692,Cefiol 500mg,Antibiotik,310,34849,2026-12-02,Obat antibiotik untuk penggunaan medis
OBT693,Cefium 25mg,Antidepresan,159,30880,2026-11-25,Obat antidepresan untuk penggunaan medis
OBT694,Dexaen 1000mg,Antasida,346,28746,2025-09-11,Obat antasida untuk penggunaan medis
OBT695,Losol 10mg,Antidepresan,292,57714,2025-07-28,Obat antidepresan untuk penggunaan medis
OBT696,Ranitil 5mg,Antibiotik,248,95648,2026-03-18,Obat antibiotik untuk penggunaan medis
OBT697,Amoxat 100mg,Antidepresan,270,65494,2026-08-28,Obat antidepresan untuk penggunaan medis
OBT698,Omepin 20mg,Antidepresan,278,61500,2025-12-17,Obat antidepresan untuk penggunaan medis
OBT699,Atorex 1000mg,Antikonvulsan,111,60454,2026-04-06,Obat antikonvulsan untuk penggunaan medis
OBT700,Losan 500mg,Kortikosteroid,58,92607,2025-09-26,Obat kortikosteroid untuk penggunaan medis
OBT701,Ranitox 25mg,Kortikosteroid,323,85913,2026-01-17,Obat kortikosteroid untuk penggunaan medis
OBT702,Siman 500mg,Mineral,193,17391,2025-09-04,Obat mineral untuk penggunaan medis
OBT703,Metan 5mg,Mineral,285,10735,2026-01-02,Obat mineral untuk penggunaan medis
OBT704,Omepil 500mg,Psikotropika,302,85431,2026-07-07,Obat psikotropika untuk penggunaan medis
OBT705,Dicloat 250mg,Antibiotik,155,79329,2025-05-28,Obat antibiotik untuk penggunaan medis
OBT706,Dicloax 50mg,Antibiotik,75,8794,2025-06-04,Obat antibiotik untuk penggunaan medis
OBT707,Cefien 500mg,Antasida,210,29463,2025-05-29,Obat antasida untuk penggunaan medis
OBT708,Dicloen 50mg,Kardiovaskular,459,9569,2025-01-29,Obat kardiovaskular untuk penggunaan medis
OBT709,Amoxex 10mg,Kardiovaskular,198,48283,2026-03-27,Obat kardiovaskular untuk penggunaan medis
OBT710,Ranitol 250mg,Analgesik,161,40668,2025-03-25,Obat analgesik untuk penggunaan medis
OBT711,Atoren 500mg,Antihistamin,412,81299,2025-01-08,Obat antihistamin untuk penggunaan medis
OBT712,Meten 500mg,Antikonvulsan,184,96646,2025-12-16,Obat antikonvulsan untuk penggunaan medis
OBT713,Omepin 5mg,Antibiotik,83,90202,2025-09-29,Obat antibiotik untuk penggunaan medis
OBT714,Metum 20mg,Antidepresan,375,32725,2025-09-16,Obat antidepresan untuk penggunaan medis
OBT715,Amloan 1000mg,Antikonvulsan,179,61701,2025-10-28,Obat antikonvulsan untuk penggunaan medis
OBT716,Amoxin 50mg,Analgesik,384,61438,2026-10-13,Obat analgesik untuk penggunaan medis
OBT717,Metat 50mg,Mineral,277,19041,2026-04-23,Obat mineral untuk penggunaan medis
OBT718,Metox 500mg,Psikotropika,60,35585,2025-02-18,Obat psikotropika untuk penggunaan medis
OBT719,Amloum 1000mg,Psikotropika,222,20478,2026-04-28,Obat psikotropika untuk penggunaan medis
OBT720,Ibuox 10mg,Mineral,217,61368,2026-06-29,Obat mineral untuk penggunaan medis
OBT721,Amoxex 25mg,Vitamin,149,26771,2026-12-08,Obat vitamin untuk penggunaan medis
OBT722,Ibuat 25mg,Mineral,136,29848,2025-09-06,Obat mineral untuk penggunaan medis
OBT723,Ranitex 5mg,Analgesik,123,43580,2026-10-16,Obat analgesik untuk penggunaan medis
OBT724,Paraax 20mg,Psikotropika,108,32256,2025-02-16,Obat psikotropika untuk penggunaan medis
OBT725,Atorax 1000mg,Analgesik,326,54983,2025-07-31,Obat analgesik untuk penggunaan medis
OBT726,Dicloan 100mg,Antibiotik,334,32832,2026-08-12,Obat antibiotik untuk penggunaan medis
OBT727,Ibuat 250mg,Antikonvulsan,369,47275,2026-07-14,Obat antikonvulsan untuk penggunaan medis
OBT728,Losat 250mg,Antasida,281,99682,2026-02-23,Obat antasida untuk penggunaan medis
OBT729,Losin 50mg,Kardiovaskular,93,50673,2026-12-20,Obat kardiovaskular untuk penggunaan medis
OBT730,Omepat 10mg,Antidepresan,384,59557,2026-09-06,Obat antidepresan untuk penggunaan medis
OBT731,Metum 20mg,Psikotropika,405,81885,2026-01-22,Obat psikotropika untuk penggunaan medis
OBT732,Amoxax 100mg,Analgesik,464,32833,2026-08-08,Obat analgesik untuk penggunaan medis
OBT733,Dicloax 100mg,Mineral,460,12833,2026-05-26,Obat mineral untuk penggunaan medis
OBT734,Dicloat 100mg,Psikotropika,497,36300,2026-06-09,Obat psikotropika untuk penggunaan medis
OBT735,Paraen 50mg,Antasida,228,21887,2025-07-21,Obat antasida untuk penggunaan medis
OBT736,Losen 250mg,Psikotropika,296,91786,2026-09-05,Obat psikotropika untuk penggunaan medis
OBT737,Dexail 250mg,Analgesik,205,48679,2026-05-15,Obat analgesik untuk penggunaan medis
OBT738,Captex 20mg,Antasida,293,53982,2026-06-18,Obat antasida untuk penggunaan medis
OBT739,Captex 20mg,Antikonvulsan,131,8038,2025-08-12,Obat antikonvulsan untuk penggunaan medis
OBT740,Ibuol 250mg,Mineral,389,43122,2026-04-26,Obat mineral untuk penggunaan medis
OBT741,Amoxex 500mg,Kardiovaskular,401,98709,2025-08-27,Obat kardiovaskular untuk penggunaan medis
OBT742,Ranitex 10mg,Kortikosteroid,386,24715,2026-08-08,Obat kortikosteroid untuk penggunaan medis
OBT743,Ibuum 20mg,Analgesik,194,6003,2025-08-03,Obat analgesik untuk penggunaan medis
OBT744,Captox 50mg,Antasida,337,56565,2025-12-21,Obat antasida untuk penggunaan medis
OBT745,Dicloin 1000mg,Antidiabetes,170,40323,2025-07-05,Obat antidiabetes untuk penggunaan medis
OBT746,Amloox 100mg,Antasida,333,77315,2026-02-21,Obat antasida untuk penggunaan medis
OBT747,Capten 250mg,Antibiotik,241,32554,2025-05-22,Obat antibiotik untuk penggunaan medis
OBT748,Atorin 100mg,Mineral,365,30918,2026-08-18,Obat mineral untuk penggunaan medis
OBT749,Amoxen 25mg,Kardiovaskular,220,30101,2025-01-04,Obat kardiovaskular untuk penggunaan medis
OBT750,Simen 10mg,Kortikosteroid,364,66331,2025-06-19,Obat kortikosteroid untuk penggunaan medis
OBT751,Meten 25mg,Mineral,485,97159,2026-01-27,Obat mineral untuk penggunaan medis
OBT752,Ranitan 20mg,Kardiovaskular,230,64445,2026-01-09,Obat kardiovaskular untuk penggunaan medis
OBT753,Paraol 100mg,Mineral,112,87346,2026-09-21,Obat mineral untuk penggunaan medis
OBT754,Omepat 50mg,Vitamin,176,84212,2025-08-17,Obat vitamin untuk penggunaan medis
OBT755,Atorox 100mg,Analgesik,373,46834,2026-03-28,Obat analgesik untuk penggunaan medis
OBT756,Ibuil 250mg,Vitamin,393,29433,2026-01-20,Obat vitamin untuk penggunaan medis
OBT757,Siman 1000mg,Antidepresan,324,79396,2026-10-14,Obat antidepresan untuk penggunaan medis
OBT758,Dexaat 1000mg,Analgesik,171,57650,2026-03-18,Obat analgesik untuk penggunaan medis
OBT759,Simox 5mg,Vitamin,396,30237,2025-09-12,Obat vitamin untuk penggunaan medis
OBT760,Dexaen 10mg,Antidiabetes,270,41056,2026-04-11,Obat antidiabetes untuk penggunaan medis
OBT761,Amoxol 50mg,Kardiovaskular,175,75831,2026-08-11,Obat kardiovaskular untuk penggunaan medis
OBT762,Amloax 250mg,Kortikosteroid,284,62467,2026-07-26,Obat kortikosteroid untuk penggunaan medis
OBT763,Atorox 25mg,Kortikosteroid,447,8279,2025-08-28,Obat kortikosteroid untuk penggunaan medis
OBT764,Losex 100mg,Antihistamin,308,77552,2026-07-25,Obat antihistamin untuk penggunaan medis
OBT765,Captil 25mg,Antikonvulsan,53,59456,2026-10-03,Obat antikonvulsan untuk penggunaan medis
OBT766,Simax 20mg,Analgesik,144,92442,2025-12-10,Obat analgesik untuk penggunaan medis
OBT767,Siman 25mg,Antidiabetes,387,83396,2025-04-03,Obat antidiabetes untuk penggunaan medis
OBT768,Paraat 20mg,Kortikosteroid,372,87652,2025-11-21,Obat kortikosteroid untuk penggunaan medis
OBT769,Losex 1000mg,Kortikosteroid,456,37387,2025-11-01,Obat kortikosteroid untuk penggunaan medis
OBT770,Captil 5mg,Mineral,361,38917,2025-09-11,Obat mineral untuk penggunaan medis
OBT771,Paraen 250mg,Vitamin,422,29564,2025-02-12,Obat vitamin untuk penggunaan medis
OBT772,Parain 5mg,Antidiabetes,435,48475,2025-03-03,Obat antidiabetes untuk penggunaan medis
OBT773,Dexaox 10mg,Antibiotik,425,56361,2026-06-24,Obat antibiotik untuk penggunaan medis
OBT774,Ibuat 25mg,Kardiovaskular,175,75846,2026-11-21,Obat kardiovaskular untuk penggunaan medis
OBT775,Amloat 500mg,Kardiovaskular,370,55073,2025-01-26,Obat kardiovaskular untuk penggunaan medis
OBT776,Dicloax 10mg,Analgesik,436,83074,2025-09-15,Obat analgesik untuk penggunaan medis
OBT777,Amloil 500mg,Antasida,256,52393,2026-06-13,Obat antasida untuk penggunaan medis
OBT778,Omepox 20mg,Kardiovaskular,92,79780,2026-02-15,Obat kardiovaskular untuk penggunaan medis
OBT779,Atorax 20mg,Antihistamin,378,90211,2025-02-22,Obat antihistamin untuk penggunaan medis
OBT780,Ibuol 500mg,Antidiabetes,440,8713,2025-01-08,Obat antidiabetes untuk penggunaan medis
OBT781,Paraox 10mg,Kortikosteroid,168,81821,2025-12-25,Obat kortikosteroid untuk penggunaan medis
OBT782,Dicloil 100mg,Antidiabetes,384,63713,2025-08-04,Obat antidiabetes untuk penggunaan medis
OBT783,Paraol 20mg,Antasida,477,76946,2025-06-19,Obat antasida untuk penggunaan medis
OBT784,Cefiat 250mg,Kortikosteroid,75,64313,2026-09-13,Obat kortikosteroid untuk penggunaan medis
OBT785,Atorex 250mg,Mineral,252,55667,2026-09-05,Obat mineral untuk penggunaan medis
OBT786,Metum 500mg,Antikonvulsan,410,58225,2025-01-11,Obat antikonvulsan untuk penggunaan medis
OBT787,Atorum 25mg,Antidiabetes,458,47817,2025-03-06,Obat antidiabetes untuk penggunaan medis
OBT788,Captox 25mg,Antidepresan,128,12151,2025-03-17,Obat antidepresan untuk penggunaan medis
OBT789,Atorox 1000mg,Kortikosteroid,57,66901,2026-05-01,Obat kortikosteroid untuk penggunaan medis
OBT790,Parain 5mg,Antibiotik,132,56795,2026-12-31,Obat antibiotik untuk penggunaan medis
OBT791,Amoxol 100mg,Mineral,131,64346,2026-02-15,Obat mineral untuk penggunaan medis
OBT792,Amoxox 20mg,Mineral,479,75913,2026-10-09,Obat mineral untuk penggunaan medis
OBT793,Omepen 50mg,Psikotropika,208,52246,2026-01-14,Obat psikotropika untuk penggunaan medis
OBT794,Dexaol 10mg,Psikotropika,193,63955,2026-06-12,Obat psikotropika untuk penggunaan medis
OBT795,Losat 5mg,Kortikosteroid,365,33704,2026-12-29,Obat kortikosteroid untuk penggunaan medis
OBT796,Dicloat 250mg,Vitamin,410,71370,2026-12-10,Obat vitamin untuk penggunaan medis
OBT797,Parain 20mg,Antidepresan,249,59306,2026-04-03,Obat antidepresan untuk penggunaan medis
OBT798,Simat 25mg,Antidiabetes,272,21820,2026-08-13,Obat antidiabetes untuk penggunaan medis
OBT799,Atoran 50mg,Mineral,217,75147,2026-02-16,Obat mineral untuk penggunaan medis
OBT800,Losum 1000mg,Antasida,101,35662,2025-03-21,Obat antasida untuk penggunaan medis
OBT801,Amloin 20mg,Vitamin,320,10665,2025-10-13,Obat vitamin untuk penggunaan medis
OBT802,Losat 1000mg,Antasida,408,24839,2025-08-18,Obat antasida untuk penggunaan medis
OBT803,Amoxat 5mg,Analgesik,339,14923,2026-04-01,Obat analgesik untuk penggunaan medis
OBT804,Amoxin 500mg,Antidepresan,136,21686,2026-03-22,Obat antidepresan untuk penggunaan medis
OBT805,Cefium 250mg,Mineral,472,86866,2026-05-27,Obat mineral untuk penggunaan medis
OBT806,Simax 1000mg,Psikotropika,160,16348,2025-01-04,Obat psikotropika untuk penggunaan medis
OBT807,Metan 100mg,Kardiovaskular,302,52669,2025-10-24,Obat kardiovaskular untuk penggunaan medis
OBT808,Simax 25mg,Analgesik,232,73035,2026-08-18,Obat analgesik untuk penggunaan medis
OBT809,Losin 250mg,Antihistamin,402,79386,2026-03-20,Obat antihistamin untuk penggunaan medis
OBT810,Captin 50mg,Kardiovaskular,430,86661,2025-02-23,Obat kardiovaskular untuk penggunaan medis
OBT811,Amoxil 20mg,Antibiotik,449,32278,2026-03-08,Obat antibiotik untuk penggunaan medis
OBT812,Paraum 5mg,Antidepresan,109,93217,2025-01-01,Obat antidepresan untuk penggunaan medis
OBT813,Metox 50mg,Kortikosteroid,376,91627,2026-01-29,Obat kortikosteroid untuk penggunaan medis
OBT814,Ranitax 10mg,Psikotropika,288,19887,2025-08-17,Obat psikotropika untuk penggunaan medis
OBT815,Cefium 500mg,Kardiovaskular,445,94414,2025-05-22,Obat kardiovaskular untuk penggunaan medis
OBT816,Captil 20mg,Kortikosteroid,404,62060,2025-04-19,Obat kortikosteroid untuk penggunaan medis
OBT817,Losin 50mg,Antihistamin,283,50004,2026-01-26,Obat antihistamin untuk penggunaan medis
OBT818,Dicloat 500mg,Psikotropika,449,15945,2025-08-28,Obat psikotropika untuk penggunaan medis
OBT819,Losox 250mg,Analgesik,93,49580,2026-08-01,Obat analgesik untuk penggunaan medis
OBT820,Paraol 100mg,Antihistamin,423,26777,2026-01-21,Obat antihistamin untuk penggunaan medis
OBT821,Captex 5mg,Antihistamin,360,98643,2025-05-12,Obat antihistamin untuk penggunaan medis
OBT822,Simax 1000mg,Psikotropika,242,91704,2025-06-17,Obat psikotropika untuk penggunaan medis
OBT823,Ibuat 25mg,Antasida,375,32893,2026-03-13,Obat antasida untuk penggunaan medis
OBT824,Paraox 5mg,Antikonvulsan,329,68860,2026-03-08,Obat antikonvulsan untuk penggunaan medis
OBT825,Dicloat 20mg,Antidepresan,272,10390,2026-05-22,Obat antidepresan untuk penggunaan medis
OBT826,Ibuat 250mg,Analgesik,339,57537,2025-04-14,Obat analgesik untuk penggunaan medis
OBT827,Paraax 25mg,Antikonvulsan,184,94055,2025-05-16,Obat antikonvulsan untuk penggunaan medis
OBT828,Losol 500mg,Antasida,171,14905,2026-09-26,Obat antasida untuk penggunaan medis
OBT829,Amloox 20mg,Mineral,148,16052,2025-10-24,Obat mineral untuk penggunaan medis
OBT830,Simum 25mg,Kardiovaskular,260,67275,2026-06-11,Obat kardiovaskular untuk penggunaan medis
OBT831,Dicloin 25mg,Antibiotik,74,19491,2025-05-14,Obat antibiotik untuk penggunaan medis
OBT832,Captat 100mg,Kortikosteroid,160,66218,2025-11-09,Obat kortikosteroid untuk penggunaan medis
OBT833,Losan 500mg,Antasida,175,90961,2025-08-13,Obat antasida untuk penggunaan medis
OBT834,Dicloan 20mg,Antidiabetes,386,35085,2026-08-27,Obat antidiabetes untuk penggunaan medis
OBT835,Dexail 50mg,Psikotropika,151,82365,2026-11-12,Obat psikotropika untuk penggunaan medis
OBT836,Dexaax 25mg,Antibiotik,148,97702,2026-03-30,Obat antibiotik untuk penggunaan medis
OBT837,Ranitil 50mg,Analgesik,148,40104,2026-01-20,Obat analgesik untuk penggunaan medis
OBT838,Dexail 25mg,Antidiabetes,449,69030,2026-02-21,Obat antidiabetes untuk penggunaan medis
OBT839,Atoran 250mg,Vitamin,241,16552,2025-09-25,Obat vitamin untuk penggunaan medis
OBT840,Omepat 1000mg,Kardiovaskular,216,41936,2026-03-05,Obat kardiovaskular untuk penggunaan medis
OBT841,Amoxex 10mg,Antikonvulsan,362,79397,2026-12-17,Obat antikonvulsan untuk penggunaan medis
OBT842,Paraox 500mg,Antibiotik,370,52376,2026-03-29,Obat antibiotik untuk penggunaan medis
OBT843,Ibuen 1000mg,Mineral,389,85417,2025-02-28,Obat mineral untuk penggunaan medis
OBT844,Atorat 10mg,Kortikosteroid,97,79600,2026-06-19,Obat kortikosteroid untuk penggunaan medis
OBT845,Metan 100mg,Mineral,154,51637,2025-08-25,Obat mineral untuk penggunaan medis
OBT846,Simox 250mg,Analgesik,207,40335,2025-08-09,Obat analgesik untuk penggunaan medis
OBT847,Simum 100mg,Antasida,308,75950,2025-11-18,Obat antasida untuk penggunaan medis
OBT848,Cefiex 5mg,Analgesik,274,59207,2026-08-23,Obat analgesik untuk penggunaan medis
OBT849,Amloex 20mg,Antihistamin,241,58894,2025-08-04,Obat antihistamin untuk penggunaan medis
OBT850,Parain 500mg,Psikotropika,157,21004,2025-08-30,Obat psikotropika untuk penggunaan medis
OBT851,Cefiin 10mg,Kardiovaskular,141,88161,2025-12-21,Obat kardiovaskular untuk penggunaan medis
OBT852,Raniten 20mg,Kortikosteroid,325,86404,2026-08-24,Obat kortikosteroid untuk penggunaan medis
OBT853,Dicloin 1000mg,Antihistamin,113,45856,2025-10-16,Obat antihistamin untuk penggunaan medis
OBT854,Amoxol 10mg,Kortikosteroid,105,43183,2026-05-17,Obat kortikosteroid untuk penggunaan medis
OBT855,Cefium 250mg,Kardiovaskular,297,27568,2026-10-28,Obat kardiovaskular untuk penggunaan medis
OBT856,Paraum 5mg,Antikonvulsan,128,99282,2026-04-19,Obat antikonvulsan untuk penggunaan medis
OBT857,Cefian 5mg,Analgesik,455,95062,2026-08-01,Obat analgesik untuk penggunaan medis
OBT858,Simat 20mg,Psikotropika,299,85349,2026-01-17,Obat psikotropika untuk penggunaan medis
OBT859,Ranitol 5mg,Mineral,359,83143,2026-12-24,Obat mineral untuk penggunaan medis
OBT860,Meten 10mg,Vitamin,347,50504,2026-11-11,Obat vitamin untuk penggunaan medis
OBT861,Atorol 100mg,Antidepresan,255,19690,2026-03-15,Obat antidepresan untuk penggunaan medis
OBT862,Dicloen 5mg,Mineral,217,10751,2025-02-04,Obat mineral untuk penggunaan medis
OBT863,Atoril 500mg,Antikonvulsan,314,95145,2026-09-20,Obat antikonvulsan untuk penggunaan medis
OBT864,Dexain 25mg,Kardiovaskular,314,77344,2026-10-11,Obat kardiovaskular untuk penggunaan medis
OBT865,Simil 20mg,Antibiotik,425,7019,2026-04-03,Obat antibiotik untuk penggunaan medis
OBT866,Parail 25mg,Antidepresan,188,53800,2025-06-17,Obat antidepresan untuk penggunaan medis
OBT867,Paraax 10mg,Antasida,104,35389,2025-04-16,Obat antasida untuk penggunaan medis
OBT868,Atorox 25mg,Vitamin,67,78925,2025-02-01,Obat vitamin untuk penggunaan medis
OBT869,Captat 25mg,Antikonvulsan,426,27916,2026-12-31,Obat antikonvulsan untuk penggunaan medis
OBT870,Metat 250mg,Psikotropika,206,67233,2025-02-01,Obat psikotropika untuk penggunaan medis
OBT871,Ibuum 1000mg,Antibiotik,164,64950,2026-06-17,Obat antibiotik untuk penggunaan medis
OBT872,Captan 50mg,Antidiabetes,294,95099,2025-05-04,Obat antidiabetes untuk penggunaan medis
OBT873,Metil 50mg,Psikotropika,305,36551,2026-03-29,Obat psikotropika untuk penggunaan medis
OBT874,Losum 500mg,Antibiotik,97,91464,2026-06-06,Obat antibiotik untuk penggunaan medis
OBT875,Dexaol 20mg,Antidiabetes,166,5906,2026-03-14,Obat antidiabetes untuk penggunaan medis
OBT876,Amoxex 50mg,Kortikosteroid,161,60364,2026-03-27,Obat kortikosteroid untuk penggunaan medis
OBT877,Amoxox 50mg,Kortikosteroid,96,86395,2025-11-14,Obat kortikosteroid untuk penggunaan medis
OBT878,Ranitex 25mg,Psikotropika,437,51048,2025-08-28,Obat psikotropika untuk penggunaan medis
OBT879,Amloin 1000mg,Antikonvulsan,77,95350,2026-10-05,Obat antikonvulsan untuk penggunaan medis
OBT880,Amloen 5mg,Vitamin,282,14350,2025-08-08,Obat vitamin untuk penggunaan medis
OBT881,Atorat 1000mg,Antasida,165,75055,2025-09-18,Obat antasida untuk penggunaan medis
OBT882,Omepex 500mg,Antasida,436,10647,2025-10-23,Obat antasida untuk penggunaan medis
OBT883,Captan 25mg,Antihistamin,499,43539,2026-08-31,Obat antihistamin untuk penggunaan medis
OBT884,Metum 5mg,Antihistamin,444,10141,2025-05-22,Obat antihistamin untuk penggunaan medis
OBT885,Amloat 250mg,Analgesik,101,76500,2026-07-02,Obat analgesik untuk penggunaan medis
OBT886,Ibuol 25mg,Kardiovaskular,187,56895,2026-11-21,Obat kardiovaskular untuk penggunaan medis
OBT887,Ibuol 20mg,Antidiabetes,454,79652,2025-11-29,Obat antidiabetes untuk penggunaan medis
OBT888,Dicloan 50mg,Vitamin,231,11861,2026-08-20,Obat vitamin untuk penggunaan medis
OBT889,Omepin 100mg,Antibiotik,318,69291,2026-01-16,Obat antibiotik untuk penggunaan medis
OBT890,Simil 1000mg,Antidepresan,123,57824,2026-04-02,Obat antidepresan untuk penggunaan medis
OBT891,Captat 500mg,Vitamin,115,16660,2026-05-07,Obat vitamin untuk penggunaan medis
OBT892,Meten 50mg,Antidiabetes,169,46043,2026-07-07,Obat antidiabetes untuk penggunaan medis
OBT893,Amloax 250mg,Kardiovaskular,404,29050,2025-04-14,Obat kardiovaskular untuk penggunaan medis
OBT894,Omepil 50mg,Antibiotik,279,21588,2025-11-18,Obat antibiotik untuk penggunaan medis
OBT895,Paraax 25mg,Mineral,87,85418,2026-03-03,Obat mineral untuk penggunaan medis
OBT896,Amoxox 25mg,Antasida,347,44099,2025-09-25,Obat antasida untuk penggunaan medis
OBT897,Metin 25mg,Mineral,96,64113,2025-05-29,Obat mineral untuk penggunaan medis
OBT898,Parain 10mg,Antidepresan,130,54827,2025-07-21,Obat antidepresan untuk penggunaan medis
OBT899,Amlool 100mg,Antibiotik,137,46835,2026-04-23,Obat antibiotik untuk penggunaan medis
OBT900,Dicloen 10mg,Mineral,100,65988,2025-08-13,Obat mineral untuk penggunaan medis
OBT901,Dicloex 50mg,Antikonvulsan,253,89691,2025-02-20,Obat antikonvulsan untuk penggunaan medis
OBT902,Paraat 500mg,Psikotropika,240,42258,2025-06-28,Obat psikotropika untuk penggunaan medis
OBT903,Cefiox 50mg,Antihistamin,101,17350,2025-03-30,Obat antihistamin untuk penggunaan medis
OBT904,Ranitum 250mg,Kardiovaskular,221,64402,2025-04-24,Obat kardiovaskular untuk penggunaan medis
OBT905,Amloat 100mg,Analgesik,316,73912,2025-04-01,Obat analgesik untuk penggunaan medis
OBT906,Dexail 500mg,Antasida,97,76745,2025-06-19,Obat antasida untuk penggunaan medis
OBT907,Dicloil 50mg,Kortikosteroid,451,8943,2025-03-28,Obat kortikosteroid untuk penggunaan medis
OBT908,Paraex 100mg,Antasida,148,92754,2025-06-03,Obat antasida untuk penggunaan medis
OBT909,Captil 20mg,Kortikosteroid,373,44237,2025-05-22,Obat kortikosteroid untuk penggunaan medis
OBT910,Parail 10mg,Psikotropika,426,93721,2026-03-26,Obat psikotropika untuk penggunaan medis
OBT911,Amoxum 100mg,Antihistamin,479,9437,2025-11-07,Obat antihistamin untuk penggunaan medis
OBT912,Cefiol 1000mg,Vitamin,294,39824,2026-11-18,Obat vitamin untuk penggunaan medis
OBT913,Losum 10mg,Antihistamin,434,34541,2025-08-28,Obat antihistamin untuk penggunaan medis
OBT914,Paraan 1000mg,Antidiabetes,414,60227,2026-02-15,Obat antidiabetes untuk penggunaan medis
OBT915,Ibuol 100mg,Antikonvulsan,206,59971,2025-03-22,Obat antikonvulsan untuk penggunaan medis
OBT916,Cefiex 10mg,Antihistamin,192,9866,2025-05-06,Obat antihistamin untuk penggunaan medis
OBT917,Amloum 100mg,Mineral,331,33339,2026-11-28,Obat mineral untuk penggunaan medis
OBT918,Metol 50mg,Antasida,418,55265,2025-01-24,Obat antasida untuk penggunaan medis
OBT919,Losan 100mg,Antidepresan,99,93990,2026-03-28,Obat antidepresan untuk penggunaan medis
OBT920,Losex 25mg,Kardiovaskular,475,53758,2026-03-20,Obat kardiovaskular untuk penggunaan medis
OBT921,Raniten 25mg,Antihistamin,413,74984,2025-12-08,Obat antihistamin untuk penggunaan medis
OBT922,Amlool 500mg,Analgesik,168,91511,2026-09-23,Obat analgesik untuk penggunaan medis
OBT923,Losex 100mg,Antidepresan,190,36609,2026-04-09,Obat antidepresan untuk penggunaan medis
OBT924,Amoxol 50mg,Mineral,375,59788,2026-07-19,Obat mineral untuk penggunaan medis
OBT925,Omepax 50mg,Antikonvulsan,472,46961,2025-05-27,Obat antikonvulsan untuk penggunaan medis
OBT926,Parail 20mg,Analgesik,265,33220,2026-08-16,Obat analgesik untuk penggunaan medis
OBT927,Losan 10mg,Vitamin,425,78331,2025-06-24,Obat vitamin untuk penggunaan medis
OBT928,Captax 250mg,Antibiotik,331,15319,2026-03-07,Obat antibiotik untuk penggunaan medis
OBT929,Simil 25mg,Antikonvulsan,173,6531,2026-04-03,Obat antikonvulsan untuk penggunaan medis
OBT930,Amoxil 50mg,Antibiotik,257,43675,2026-11-17,Obat antibiotik untuk penggunaan medis
OBT931,Paraan 500mg,Antibiotik,153,32601,2026-02-18,Obat antibiotik untuk penggunaan medis
OBT932,Omepin 250mg,Antidepresan,173,73928,2025-10-15,Obat antidepresan untuk penggunaan medis
OBT933,Metol 20mg,Psikotropika,394,45634,2025-03-16,Obat psikotropika untuk penggunaan medis
OBT934,Ibuex 25mg,Kardiovaskular,358,63776,2025-11-22,Obat kardiovaskular untuk penggunaan medis
OBT935,Cefiax 5mg,Antikonvulsan,187,49291,2025-12-15,Obat antikonvulsan untuk penggunaan medis
OBT936,Capten 1000mg,Psikotropika,123,86076,2025-10-12,Obat psikotropika untuk penggunaan medis
OBT937,Amloum 100mg,Antidepresan,163,27060,2026-11-27,Obat antidepresan untuk penggunaan medis
OBT938,Siman 50mg,Kortikosteroid,420,7238,2026-07-16,Obat kortikosteroid untuk penggunaan medis
OBT939,Losox 20mg,Antidepresan,67,99689,2025-10-23,Obat antidepresan untuk penggunaan medis
OBT940,Omepol 20mg,Psikotropika,425,23404,2025-06-06,Obat psikotropika untuk penggunaan medis
OBT941,Ibuil 500mg,Antikonvulsan,254,62222,2026-12-17,Obat antikonvulsan untuk penggunaan medis
OBT942,Captum 25mg,Psikotropika,178,90416,2025-01-01,Obat psikotropika untuk penggunaan medis
OBT943,Atoril 100mg,Kortikosteroid,433,90630,2025-02-27,Obat kortikosteroid untuk penggunaan medis
OBT944,Simen 1000mg,Antihistamin,381,31699,2026-05-15,Obat antihistamin untuk penggunaan medis
OBT945,Paraum 10mg,Antasida,266,25677,2025-03-08,Obat antasida untuk penggunaan medis
OBT946,Losex 500mg,Psikotropika,289,35345,2026-04-05,Obat psikotropika untuk penggunaan medis
OBT947,Simax 500mg,Antidiabetes,175,61382,2025-06-04,Obat antidiabetes untuk penggunaan medis
OBT948,Amloat 500mg,Mineral,313,13021,2025-05-21,Obat mineral untuk penggunaan medis
OBT949,Losox 1000mg,Vitamin,369,29905,2026-07-16,Obat vitamin untuk penggunaan medis
OBT950,Omepil 10mg,Psikotropika,194,42495,2025-11-19,Obat psikotropika untuk penggunaan medis
OBT951,Cefiex 25mg,Antihistamin,155,62173,2025-10-06,Obat antihistamin untuk penggunaan medis
OBT952,Raniten 20mg,Antidepresan,324,96755,2025-03-09,Obat antidepresan untuk penggunaan medis
OBT953,Amoxen 500mg,Antidepresan,247,73389,2026-07-04,Obat antidepresan untuk penggunaan medis
OBT954,Cefian 25mg,Antikonvulsan,168,33799,2025-07-12,Obat antikonvulsan untuk penggunaan medis
OBT955,Dexaen 1000mg,Vitamin,103,90249,2025-07-29,Obat vitamin untuk penggunaan medis
OBT956,Losen 50mg,Mineral,356,90469,2026-06-03,Obat mineral untuk penggunaan medis
OBT957,Losax 100mg,Kortikosteroid,391,44755,2025-10-18,Obat kortikosteroid untuk penggunaan medis
OBT958,Dexail 500mg,Antikonvulsan,298,16544,2026-11-17,Obat antikonvulsan untuk penggunaan medis
OBT959,Captox 250mg,Mineral,337,85502,2025-10-01,Obat mineral untuk penggunaan medis
OBT960,Dicloax 10mg,Antibiotik,221,74935,2025-11-15,Obat antibiotik untuk penggunaan medis
OBT961,Dicloax 50mg,Antihistamin,165,50802,2026-11-21,Obat antihistamin untuk penggunaan medis
OBT962,Metox 25mg,Psikotropika,378,99290,2025-01-06,Obat psikotropika untuk penggunaan medis
OBT963,Ranitat 5mg,Antidepresan,55,64093,2026-07-01,Obat antidepresan untuk penggunaan medis
OBT964,Simox 5mg,Kortikosteroid,391,64358,2025-05-17,Obat kortikosteroid untuk penggunaan medis
OBT965,Dexaax 100mg,Vitamin,374,80784,2025-10-09,Obat vitamin untuk penggunaan medis
OBT966,Raniten 20mg,Antidepresan,171,76454,2026-02-12,Obat antidepresan untuk penggunaan medis
OBT967,Atorex 250mg,Analgesik,71,24283,2025-09-02,Obat analgesik untuk penggunaan medis
OBT968,Dexaat 100mg,Psikotropika,203,77465,2026-07-08,Obat psikotropika untuk penggunaan medis
OBT969,Captin 500mg,Antasida,387,20613,2026-04-22,Obat antasida untuk penggunaan medis
OBT970,Simum 500mg,Antidiabetes,249,63821,2025-04-23,Obat antidiabetes untuk penggunaan medis
OBT971,Siman 500mg,Antidepresan,472,45172,2025-06-23,Obat antidepresan untuk penggunaan medis
OBT972,Atorum 10mg,Analgesik,284,67200,2025-02-15,Obat analgesik untuk penggunaan medis
OBT973,Dexaex 250mg,Antibiotik,90,71642,2025-03-31,Obat antibiotik untuk penggunaan medis
OBT974,Ranitan 25mg,Kortikosteroid,267,13425,2026-05-27,Obat kortikosteroid untuk penggunaan medis
OBT975,Dicloin 10mg,Antidepresan,441,41419,2025-10-16,Obat antidepresan untuk penggunaan medis
OBT976,Amoxol 50mg,Antikonvulsan,275,46758,2025-03-04,Obat antikonvulsan untuk penggunaan medis
OBT977,Dexaan 250mg,Antibiotik,292,17632,2025-03-05,Obat antibiotik untuk penggunaan medis
OBT978,Simen 250mg,Kortikosteroid,98,33876,2026-01-24,Obat kortikosteroid untuk penggunaan medis
OBT979,Atorex 10mg,Antidiabetes,259,25369,2025-07-26,Obat antidiabetes untuk penggunaan medis
OBT980,Losen 10mg,Vitamin,106,69244,2026-05-19,Obat vitamin untuk penggunaan medis
OBT981,Ibuil 25mg,Antidepresan,312,48360,2026-02-16,Obat antidepresan untuk penggunaan medis
OBT982,Ranitin 10mg,Kardiovaskular,115,59188,2026-07-06,Obat kardiovaskular untuk penggunaan medis
OBT983,Ranitol 500mg,Antikonvulsan,450,80912,2026-10-05,Obat antikonvulsan untuk penggunaan medis
OBT984,Omepum 10mg,Antibiotik,494,67595,2026-04-26,Obat antibiotik untuk penggunaan medis
OBT985,Amloax 50mg,Psikotropika,447,81214,2026-04-14,Obat psikotropika untuk penggunaan medis
OBT986,Cefiin 5mg,Antihistamin,410,46028,2025-03-10,Obat antihistamin untuk penggunaan medis
OBT987,Amoxum 100mg,Mineral,155,15202,2026-10-28,Obat mineral untuk penggunaan medis
OBT988,Amoxat 50mg,Psikotropika,60,41820,2026-04-02,Obat psikotropika untuk penggunaan medis
OBT989,Cefian 1000mg,Antihistamin,333,98009,2025-06-18,Obat antihistamin untuk penggunaan medis
OBT990,Ibuax 50mg,Antidiabetes,422,97315,2025-05-26,Obat antidiabetes untuk penggunaan medis
OBT991,Ranitan 20mg,Kardiovaskular,234,53376,2025-01-06,Obat kardiovaskular untuk penggunaan medis
OBT992,Cefiax 25mg,Vitamin,248,21251,2026-11-10,Obat vitamin untuk penggunaan medis
OBT993,Captil 10mg,Psikotropika,132,66894,2025-05-14,Obat psikotropika untuk penggunaan medis
OBT994,Cefien 5mg,Antihistamin,367,68870,2026-11-26,Obat antihistamin untuk penggunaan medis
OBT995,Dexaan 50mg,Vitamin,129,22884,2025-03-10,Obat vitamin untuk penggunaan medis
OBT996,Cefiex 250mg,Antikonvulsan,51,34697,2025-01-15,Obat antikonvulsan untuk penggunaan medis
OBT997,Metin 1000mg,Vitamin,126,93010,2025-01-11,Obat vitamin untuk penggunaan medis
OBT998,Cefian 50mg,Antidiabetes,494,18767,2026-06-24,Obat antidiabetes untuk penggunaan medis
OBT999,Captax 10mg,Antibiotik,143,44916,2025-08-18,Obat antibiotik untuk penggunaan medis
OBT1000,Simax 25mg,Kortikosteroid,64,5278,2026-01-17,Obat kortikosteroid untuk penggunaan medis
